,name,parking,geometry,capacity,capacity:disabled,area,efficiency,area_percent
313089114,Across Courthouse Parking Place,surface,"POLYGON ((299947.5223416672 4632788.519350328, 299973.14519174 4632821.582290736, 299929.312797865 4632859.127060001, 299904.8502540584 4632826.24285098, 299947.5223416672 4632788.519350328))",122,,2368.6412280056647,19.415092032833318,0.4215932542219366
313089115,P2 Lot,surface,"POLYGON ((299980.996241754 4632832.407798087, 299986.8699315985 4632839.710583172, 299984.8340329353 4632860.181116462, 299950.908048774 4632887.291221475, 299935.8021796778 4632868.523885568, 299980.996241754 4632832.407798087))",60,,1287.5612044343968,21.45935340723995,0.2291723675874966
313089118,Lot 200,surface,"POLYGON ((300005.287803615 4632853.873518349, 300006.5469341644 4632800.365465745, 300058.3202026098 4632757.553583512, 300054.335194011 4632753.575951357, 300068.8260391939 4632741.512841566, 300051.1873976943 4632722.238424995, 300062.1975447711 4632712.028642746, 300081.5761657279 4632734.365774197, 300078.9585679936 4632737.061667004, 300078.6789071107 4632740.725474424, 300082.7553813406 4632787.405375181, 300080.7254903659 4632792.385054287, 300005.287803615 4632853.873518349))",177,6.0,4522.751244089515,25.552266915759972,0.8050022065340201
313089119,100 Pine St,surface,"POLYGON ((299819.2583780811 4632830.33387425, 299825.7034758843 4632826.597006153, 299848.5727640262 4632778.705275109, 299829.1558254177 4632751.769281254, 299776.7807001948 4632773.397352506, 299819.2583780811 4632830.33387425))",100,,2958.0282684813933,29.580282684813934,0.5264979554711056
313089121,District Court Employee Lot,surface,"POLYGON ((299937.866430975 4632713.948335893, 299945.3799091738 4632723.105313065, 299949.813601688 4632735.371249754, 299950.8588590617 4632751.299305062, 299947.3653715934 4632759.809367114, 299942.3590099463 4632760.31650658, 299917.1540119282 4632727.641980635, 299937.866430975 4632713.948335893))",32,,858.4229167588553,26.82571614871423,0.1527902608027166
369433551,Providence River Animal Hospital Parking Lot,surface,"POLYGON ((299919.7505259962 4632185.163008353, 299933.7785886119 4632191.536982153, 299933.0986006982 4632193.078448269, 299952.9447855795 4632202.978584125, 299958.0264888623 4632192.99051623, 299952.0718973731 4632189.934920887, 299938.5681934044 4632182.990587343, 299943.8519481808 4632172.796819995, 299940.9924880713 4632171.321284016, 299944.6043626635 4632164.352544337, 299933.8416027221 4632158.809291598, 299919.7505259962 4632185.163008353))",18,3.0,681.2377110356056,37.846539501978086,0.12125315564823792
369433552,,surface,"POLYGON ((299941.7870325466 4632226.327444301, 299962.1031499344 4632236.092183731, 299986.1317402866 4632186.446194127, 299965.9001457694 4632176.734572094, 299958.0264888623 4632192.99051623, 299952.9447855795 4632202.978584125, 299948.6730766641 4632211.910490125, 299941.7870325466 4632226.327444301))",36,2.0,1243.2749780875781,34.53541605798828,0.2212898845579815
369433554,,surface,"POLYGON ((299910.7087034762 4632244.823362274, 299935.861865067 4632257.21932542, 299948.6516461625 4632231.302172082, 299939.6515787425 4632226.954066787, 299923.4446384389 4632219.063243672, 299918.5927775415 4632228.94488253, 299918.1995748723 4632229.744889973, 299911.2359477368 4632243.764009795, 299910.7087034762 4632244.823362274))",24,1.0,807.0777144761493,33.62823810317288,0.1436513542164812
369433555,,surface,"POLYGON ((299935.861865067 4632257.21932542, 299948.5133239571 4632263.420794402, 299961.3031363325 4632237.503664712, 299948.6516461625 4632231.302172082, 299935.861865067 4632257.21932542))",9,,407.2057347316848,45.24508163685387,0.07247834277878874
383731446,,surface,"POLYGON ((300280.8067323875 4632305.803763677, 300217.4510275512 4632274.185379094, 300234.9555739969 4632239.380227104, 300274.0568663637 4632258.898676191, 300272.0532696506 4632263.344149981, 300281.9173138451 4632267.979613281, 300301.8241307378 4632251.865004659, 300304.326053721 4632245.02755044, 300306.7787310815 4632255.13778363, 300280.8067323875 4632305.803763677))",88,4.0,2914.146098815507,33.11529657744894,0.518687390285876
486628959,Friendship Lot,surface,"POLYGON ((299883.2029380255 4632819.638297661, 299858.7281053142 4632786.032266586, 299841.9251437727 4632816.396152305, 299843.2978894629 4632818.513429335, 299851.4924803025 4632821.728291326, 299865.2943245164 4632836.075994004, 299883.2029380255 4632819.638297661))",60,,996.8335650400503,16.613892750667507,0.17742590208848813
486628960,,surface,"POLYGON ((299735.8440757039 4632659.46673687, 299744.7569913969 4632653.026872965, 299739.2479629511 4632646.291869566, 299747.5426601917 4632640.925046601, 299788.8239197272 4632694.294615529, 299761.6211116879 4632710.404516857, 299740.627438549 4632683.579676632, 299749.6471661558 4632677.392402921, 299735.8440757039 4632659.46673687))",59,2.0,1658.5072844761944,28.110292957223635,0.2951968727665133
486628962,,surface,"POLYGON ((300089.806634845 4632195.519057699, 300076.9960149549 4632189.866305782, 300088.1504805963 4632168.162409814, 300090.9512203971 4632163.094472946, 300091.9485387333 4632161.899726448, 300094.1334548731 4632160.960619583, 300097.3441024446 4632160.137228997, 300100.5998690525 4632160.923866437, 300103.4523292453 4632162.744143443, 300104.8427431195 4632165.194346606, 300105.6829755367 4632174.116243435, 300108.1267558367 4632193.094331819, 300093.8216517009 4632186.616666371, 300089.806634845 4632195.519057699))",25,1.0,657.1246301576491,26.284985206305965,0.1169612805780679
486635210,,surface,"POLYGON ((299959.3811074864 4632267.972113673, 299970.1864303908 4632245.988870296, 299977.2785085558 4632249.59042374, 299975.5525294477 4632252.961420109, 299993.3874492884 4632261.995728708, 299997.8874936707 4632253.201908753, 299998.9810089812 4632253.660192185, 300022.9757909549 4632264.477637423, 300025.4133304256 4632266.620660775, 300011.3080408531 4632293.952480764, 299959.3811074864 4632267.972113673))",48,2.0,1550.594735206897,32.30405698347702,0.2759895726993208
486635211,Lot 85,surface,"POLYGON ((300086.5010005656 4632302.401424996, 300074.8730008493 4632324.99649093, 300031.5625946434 4632304.496992006, 300035.4052970686 4632296.866197483, 300039.5028230139 4632298.918239965, 300042.5738579135 4632292.820363261, 300046.1244636534 4632287.520247079, 300050.3894681438 4632279.533141297, 300061.675558046 4632285.072996989, 300059.7524766038 4632288.827316222, 300086.5010005656 4632302.401424996))",39,,1213.7843320889826,31.122675181768784,0.21604085939171627
486635213,,surface,"POLYGON ((300042.902287523 4632323.514606711, 300069.3489000797 4632336.997098295, 300058.4155450907 4632358.272582801, 300031.9689843899 4632344.790133334, 300042.902287523 4632323.514606711))",33,1.0,710.072787801359,21.51735720610179,0.1263854963783066
486635215,,surface,"POLYGON ((299979.1110496443 4632359.40699945, 299950.8318812512 4632345.498399327, 299963.0420554939 4632320.853214151, 299938.1688675185 4632309.538330736, 299946.2536245722 4632292.220754755, 299958.0532159134 4632297.69048724, 299961.6159524022 4632299.346326825, 299957.0322937067 4632309.009284651, 299956.7430247477 4632309.661914508, 299954.1363335374 4632308.601557663, 299952.9177917475 4632311.391599453, 299963.8896372137 4632316.395609821, 299963.5014175812 4632317.373273024, 299967.2084626263 4632319.136191447, 299969.5564590404 4632314.825421606, 299980.120535981 4632292.837841755, 300005.8844245555 4632305.383593854, 299979.1110496443 4632359.40699945))",90,4.0,2168.0674277904773,24.089638086560857,0.3858932249627232
486635216,,surface,"POLYGON ((299969.5564590404 4632314.825421606, 299957.0322937067 4632309.009284651, 299961.6159524022 4632299.346326825, 299967.6169029378 4632286.86553572, 299980.120535981 4632292.837841755, 299969.5564590404 4632314.825421606))",8,1.0,338.844642659005,42.355580332375624,0.06031078657469755
486635217,,surface,"POLYGON ((299879.696708138 4632311.011880158, 299899.7500076531 4632320.894931412, 299910.3940203263 4632299.3939362, 299926.0719047953 4632307.09953718, 299942.6504851897 4632274.008625587, 299904.511573602 4632254.753861748, 299901.3520676551 4632260.954296869, 299896.9673904165 4632258.74369962, 299893.4767845221 4632265.586832384, 299891.0898783309 4632270.287653341, 299900.1629182886 4632274.867009055, 299895.8456398227 4632283.355738031, 299894.193006256 4632282.524222265, 299889.0957864152 4632292.546119201, 299879.696708138 4632311.011880158))",71,3.0,2114.8489829250357,29.78660539331036,0.3764209008765874
486635218,Women & Infants Employee Parking Lot,surface,"POLYGON ((299899.7500076531 4632320.894931412, 299915.427860042 4632328.60050801, 299926.0719047953 4632307.09953718, 299910.3940203263 4632299.3939362, 299899.7500076531 4632320.894931412))",14,,419.1080912189237,29.93629222992312,0.07459683719028289
486635219,Women & Infants Parking Lot,surface,"POLYGON ((299873.2745822386 4632365.064863866, 299905.6067139295 4632344.466666354, 299908.4646640072 4632341.741749846, 299910.0145993801 4632339.209099724, 299881.7651002323 4632323.699745378, 299857.1300284553 4632338.948152552, 299873.2745822386 4632365.064863866))",36,,1136.0003519214208,31.55556533115058,0.2021961281012844
486635220,,surface,"POLYGON ((299825.0045170101 4632323.658896831, 299836.3360076147 4632329.330478358, 299841.8415912866 4632332.087426923, 299851.9791407449 4632309.133710188, 299835.5581765244 4632301.315770415, 299825.0045170101 4632323.658896831))",18,,460.65332903954925,25.591851613308293,0.081991453058288
486635221,,surface,"POLYGON ((299881.7651002323 4632323.699745378, 299865.3859421014 4632315.591646355, 299841.8415912866 4632332.087426923, 299836.3360076147 4632329.330478358, 299820.1528710979 4632342.13048283, 299823.1546694115 4632346.01336056, 299824.9873573371 4632348.817810604, 299833.8283024325 4632354.014773598, 299844.3900595893 4632346.773154917, 299857.1300284553 4632338.948152552, 299881.7651002323 4632323.699745378))",36,,893.353218205919,24.81536717238664,0.1590074874911248
486635222,Lot 30,surface,"POLYGON ((299946.7863869153 4632358.935592174, 299971.4476851595 4632371.000965657, 299951.3918476983 4632411.701308573, 299926.7309567956 4632399.647111026, 299946.7863869153 4632358.935592174))",44,,1245.7194531124765,28.311805752556282,0.22172497543135905
486635223,,surface,"POLYGON ((299856.706508266 4632154.683491565, 299881.9415857126 4632167.910418463, 299880.0113951173 4632172.298393897, 299859.3970376656 4632219.170903236, 299831.5957366148 4632206.027187349, 299833.0964497526 4632201.740146804, 299853.9276277061 4632160.228749164, 299856.706508266 4632154.683491565))",51,4.0,1689.8249534051247,33.133822615786755,0.3007710888201238
486635224,,surface,"POLYGON ((299881.9415857126 4632167.910418463, 299856.706508266 4632154.683491565, 299869.3775512016 4632128.980661307, 299871.5698210798 4632126.229962184, 299876.2720982029 4632128.498313055, 299896.1210346508 4632138.487128051, 299894.8609477066 4632141.278343891, 299881.9415857126 4632167.910418463))",25,1.0,918.37072510642,36.734829004256795,0.16346034089163006
486635225,,surface,"POLYGON ((299699.134525483 4632127.44710927, 299694.9279388956 4632135.432800978, 299686.3668001167 4632131.628292396, 299690.8334378001 4632122.246244066, 299684.1505875499 4632118.72236596, 299688.4711698622 4632110.355645659, 299692.5385870573 4632104.518550138, 299701.0821982324 4632095.855459324, 299709.0631684822 4632091.430885203, 299711.9135181683 4632090.506313272, 299714.1868631144 4632093.309480459, 299717.236387823 4632093.557231484, 299722.7626516889 4632091.712992735, 299728.6782247231 4632091.891395308, 299730.5058333834 4632090.662172744, 299731.9645095525 4632088.432081123, 299739.4138870041 4632089.056377228, 299776.1719117665 4632092.236143959, 299778.7053881894 4632092.165034228, 299780.0868268514 4632089.848222188, 299784.03117184 4632090.582055711, 299787.8586018771 4632091.296947997, 299791.2595958384 4632091.923799255, 299789.4167310977 4632094.386908053, 299792.1683791277 4632096.16544724, 299775.0657841083 4632125.09316753, 299759.9825940949 4632117.271159828, 299759.1827126548 4632118.982695444, 299741.1712352877 4632110.19836127, 299735.6348087542 4632122.044019197, 299719.9092720614 4632114.44014925, 299726.9333566444 4632097.252103188, 299726.6155088728 4632096.294249197, 299723.0489326054 4632097.172249516, 299718.6428411807 4632100.718570318, 299719.5322693172 4632105.74973471, 299712.04646915 4632109.749236407, 299707.3622685702 4632119.081815831, 299704.0156587398 4632117.431137965, 299702.8837552533 4632119.752072461, 299699.134525483 4632127.44710927))",56,,2528.149283563177,45.14552292077102,0.4499840123587127
685443177,,surface,"POLYGON ((299722.7371450097 4632422.996283678, 299708.8938155932 4632402.471472295, 299684.1607658478 4632418.945632905, 299673.8751818759 4632405.821836311, 299699.7220511227 4632387.271683311, 299704.7235997024 4632394.576538218, 299725.6535236927 4632379.131568855, 299734.5975343172 4632372.601944812, 299757.710961951 4632400.878586802, 299754.141661429 4632403.134594273, 299722.7371450097 4632422.996283678))",78,,1918.1027903801219,24.59106141512977,0.3414021455707765
711353162,,surface,"POLYGON ((299917.1540119282 4632727.641980635, 299898.4713608074 4632702.874348237, 299913.3903806228 4632671.707832489, 299932.8574351344 4632707.843688534, 299937.866430975 4632713.948335893, 299917.1540119282 4632727.641980635))",40,,1049.843217319083,26.246080432977074,0.18686106328776672
751132185,,surface,"POLYGON ((299816.1678561459 4632590.21519651, 299833.6869603288 4632612.303877574, 299840.7612227681 4632615.872442294, 299868.560364747 4632629.882928658, 299876.4777737111 4632624.693535212, 299880.9307959577 4632616.31208993, 299881.4929903446 4632615.018391886, 299882.1962788459 4632613.420700775, 299884.7041995961 4632607.705244247, 299900.3514976286 4632571.973318853, 299872.1082578251 4632557.841812403, 299864.081769357 4632552.33304215, 299816.1678561459 4632590.21519651))",74,4.0,3679.355202349271,49.72101624796312,0.6548865716159575
751132186,Lot 81,surface,"POLYGON ((299835.4352032943 4632553.159146696, 299818.2257512904 4632528.483690539, 299812.2711695617 4632526.606136319, 299799.433768487 4632520.876866783, 299773.2011530584 4632509.389602692, 299770.2746727557 4632506.115814487, 299759.7227992155 4632490.899143681, 299809.837290286 4632492.014914332, 299844.1623494568 4632495.363198488, 299840.5674928717 4632521.589293257, 299853.5922577251 4632537.847915816, 299835.4352032943 4632553.159146696))",75,6.0,2689.588746223765,35.86118328298353,0.4787185406689476
751132187,,surface,"POLYGON ((299804.1289035934 4632574.429028298, 299831.6964873436 4632552.930699457, 299812.2711695617 4632526.606136319, 299799.433768487 4632520.876866783, 299789.049589975 4632529.991582318, 299776.6834491139 4632540.1620675, 299804.1289035934 4632574.429028298))",50,2.0,1552.8305138589208,31.056610277178414,0.27638751781083953
751132188,,surface,"POLYGON ((299776.6834491139 4632540.1620675, 299756.9797592321 4632514.589984945, 299770.2746727557 4632506.115814487, 299773.2011530584 4632509.389602692, 299789.049589975 4632529.991582318, 299776.6834491139 4632540.1620675))",26,,500.7795200851358,19.260750772505222,0.08913349350849312
760571438,,surface,"POLYGON ((300047.0975720419 4632250.766623577, 300051.9822321873 4632253.318890653, 300072.3012180878 4632263.194972516, 300088.0010994519 4632270.800294325, 300090.6274803247 4632265.148285667, 300097.7404658083 4632268.015952418, 300101.2874914982 4632259.026666297, 300079.6871197228 4632247.919608844, 300084.2558333916 4632238.012690674, 300085.6768074159 4632235.028092234, 300060.2622051362 4632223.083436339, 300047.0975720419 4632250.766623577))",11,1.0,1235.833333955794,112.34848490507217,0.2199653500826097
760571439,,surface,"POLYGON ((300023.6208240206 4632237.967686258, 300033.5794683432 4632242.411256876, 300036.1975881633 4632243.582446543, 300039.9667424825 4632234.80914653, 300035.3796341476 4632232.493017261, 300036.3146618425 4632229.966524793, 300029.4758345829 4632226.50227462, 300024.6325696551 4632235.805749044, 300023.6208240206 4632237.967686258))",5,,154.08082010534352,30.816164021068705,0.027424767243492913
760571440,,surface,"POLYGON ((299967.7403354943 4632156.091757936, 299982.4172249442 4632163.369959455, 299983.266367962 4632161.634845711, 299994.0578304752 4632139.740944928, 299994.9939916321 4632137.847820128, 299980.4951261576 4632131.286902411, 299967.7403354943 4632156.091757936))",8,,454.61522337208146,56.82690292151018,0.0809167336843341
760571441,,surface,"POLYGON ((300003.7368524151 4632173.640078757, 299992.5756626984 4632167.818990671, 299993.1336731715 4632165.780895019, 299983.266367962 4632161.634845711, 299994.0578304752 4632139.740944928, 300010.0011299111 4632147.417077587, 300002.0019207298 4632163.05419188, 300000.5255215049 4632165.840339335, 300006.2406813862 4632168.658215782, 300003.7368524151 4632173.640078757))",12,,469.782153678862,39.14851280657184,0.08361628793889579
760588369,,surface,"POLYGON ((299786.638906144 4632710.324461664, 299801.0856993668 4632729.276709071, 299811.2857799402 4632723.978707927, 299821.6249224443 4632739.034717687, 299818.3161582939 4632740.794446063, 299767.5373416884 4632762.733372826, 299745.539520748 4632734.480994291, 299786.638906144 4632710.324461664))",95,,2025.6796431068904,21.32294361165148,0.3605496951801443
760588370,,surface,"POLYGON ((299753.5759184188 4632365.512813135, 299755.4841502731 4632360.347543079, 299755.3039617063 4632358.074561859, 299769.7233868074 4632331.311190005, 299790.29074359 4632340.846138819, 299782.2233742788 4632354.029624159, 299768.3282354085 4632346.463200537, 299766.3754167593 4632350.040646403, 299770.5425669593 4632352.201707286, 299767.6632903568 4632355.349551954, 299769.8674679922 4632356.876748591, 299765.27576641 4632359.728180865, 299763.746460438 4632357.959792619, 299753.5759184188 4632365.512813135))",15,,482.914067956534,32.19427119710227,0.08595363071965482
760588371,,surface,"POLYGON ((299781.3891727356 4632356.88669852, 299792.7817219422 4632344.298847402, 299798.3733020304 4632348.34238575, 299803.2739049105 4632352.349759621, 299805.7227317059 4632356.670421148, 299790.8532583353 4632365.033125327, 299781.3891727356 4632356.88669852))",8,,266.1656747631793,33.270709345397414,0.04737469383662944
760588372,,surface,"POLYGON ((299759.1684611663 4632325.173415076, 299772.0917172323 4632298.707640829, 299772.2727868024 4632298.34696174, 299754.8032241579 4632289.602969977, 299745.5962619676 4632284.994216497, 299741.81012483 4632292.556923288, 299752.7785357577 4632297.727402912, 299742.6929239075 4632318.079521589, 299759.1684611663 4632325.173415076))",17,,642.0508351640694,37.76769618612173,0.11427830343079923
760588373,,surface,"POLYGON ((299776.4042453893 4632288.574327337, 299782.9279849913 4632276.367609107, 299758.6950445969 4632264.779767371, 299753.0088168676 4632277.207470314, 299776.4042453893 4632288.574327337))",11,,363.39335539791773,33.03575958162889,0.06468019953947643
760588374,,surface,"POLYGON ((299776.7503123814 4632258.850095299, 299782.880097289 4632262.222887806, 299784.011484451 4632260.179789684, 299788.9235474188 4632262.519978156, 299794.3775851694 4632250.10993805, 299798.1999560036 4632251.53616512, 299801.5681764972 4632245.074236571, 299798.3255781411 4632243.276139118, 299816.2885149429 4632208.579211457, 299796.7483400841 4632199.815430596, 299797.870081868 4632197.428122653, 299788.869869979 4632193.080203005, 299787.4257536244 4632196.421113267, 299782.1664462598 4632194.446266016, 299766.8107043519 4632225.180765493, 299771.5150450185 4632228.115731037, 299769.3731210016 4632232.065190095, 299764.1072876047 4632229.85718043, 299762.3356309091 4632234.262968275, 299783.9274488933 4632244.747047006, 299783.2510212373 4632245.821709817, 299778.3306388905 4632243.481757993, 299772.3952624641 4632255.327478851, 299777.8919836814 4632257.17341617, 299776.7503123814 4632258.850095299))",60,3.0,1961.7844762725736,32.696407937876224,0.34917702675056783
760588375,,surface,"POLYGON ((299675.8479150755 4632281.007556511, 299686.3351308109 4632278.512787728, 299717.94289748 4632225.308099562, 299647.8131891638 4632190.895529638, 299631.9046742052 4632221.168047376, 299675.8479150755 4632281.007556511))",147,,4058.0642164335154,27.605879023357247,0.7222927974990511
760588376,178 Clifford Street,surface,"POLYGON ((299645.4181306934 4632311.021143761, 299619.7788671266 4632329.865684724, 299617.9893423307 4632325.937716854, 299616.9816519928 4632322.321157614, 299611.6375759309 4632303.124596287, 299610.5567003486 4632282.108072468, 299611.4174767092 4632280.494817217, 299619.8841266636 4632274.13403613, 299639.1702698421 4632259.646220948, 299644.1117625864 4632255.929229455, 299651.1680019624 4632265.943329106, 299629.3930459222 4632282.090096253, 299636.3532041869 4632291.051202473, 299632.0107268071 4632294.784712054, 299645.4181306934 4632311.021143761))",50,1.0,1447.3846179561556,28.94769235912311,0.25761925612883524
760588377,170 Clifford Street,surface,"POLYGON ((299641.7381901375 4632362.608256385, 299668.3863706928 4632343.57987966, 299654.404887373 4632323.770230797, 299627.1049550644 4632343.272573627, 299641.7381901375 4632362.608256385))",36,,803.5906144768799,22.321961513246663,0.1430306870512275
760588378,Lifespan Parking Lot,surface,"POLYGON ((299672.0378312019 4632423.275454872, 299655.6921069872 4632402.154274983, 299632.4809751709 4632419.241506271, 299641.0462711452 4632428.235307171, 299640.8644933978 4632431.529684223, 299646.642761601 4632437.779229405, 299648.9246534895 4632440.593244592, 299672.0378312019 4632423.275454872))",30,,769.5164844706915,25.650549482356382,0.13696584988456822
760588379,,surface,"POLYGON ((299540.7116008534 4632461.624672787, 299573.3084621263 4632437.772617802, 299548.7758661383 4632404.869201858, 299542.6291965401 4632392.318233273, 299538.9079964801 4632381.47708876, 299524.5960434733 4632363.821657341, 299510.6704323428 4632349.266867069, 299498.3898196687 4632340.299854566, 299487.2426530377 4632334.690285671, 299485.5523315105 4632338.138201234, 299479.8046119286 4632339.488806853, 299474.7335162726 4632333.563987813, 299470.7093321666 4632338.266547193, 299465.2979083629 4632341.2301232, 299459.1929376494 4632346.135650815, 299454.5498088149 4632350.111090073, 299452.8222336208 4632351.937649002, 299461.4276780455 4632362.052478368, 299464.7891157174 4632362.4580321, 299488.4963862994 4632345.578545991, 299495.9072543767 4632355.782556777, 299499.8203219606 4632352.449962161, 299502.2789134295 4632355.336755473, 299503.045770633 4632355.115176534, 299508.4580550682 4632361.941641148, 299506.4452511675 4632363.676192002, 299513.1287092359 4632372.844985382, 299510.9314909971 4632374.22912135, 299517.579070079 4632384.487943019, 299521.7573028316 4632381.125682062, 299530.1286005818 4632391.491640386, 299536.8400311583 4632408.460579416, 299517.3168932917 4632421.888582533, 299516.0379568965 4632429.325397833, 299540.7116008534 4632461.624672787))",87,7.0,3445.8992706173335,39.60803759330268,0.6133338683983613
760594426,,surface,"POLYGON ((299611.8270872337 4632556.637668503, 299613.3366637581 4632555.928512143, 299610.3434023404 4632551.167599381, 299656.8952484161 4632521.934386094, 299660.6741579526 4632527.440005095, 299661.7827601787 4632526.364300724, 299667.2502521871 4632534.278334562, 299675.8648796494 4632545.626610924, 299674.850139095 4632546.78857617, 299678.2176346362 4632551.261192538, 299656.4717027941 4632567.81828027, 299663.6172650508 4632578.063228828, 299649.9985494644 4632588.613617945, 299640.8733688302 4632575.957338566, 299639.2349988044 4632575.336618686, 299630.7289401266 4632581.46514834, 299626.1941922996 4632575.980779094, 299617.883636069 4632565.10185001, 299611.8270872337 4632556.637668503))",72,3.0,2384.6132154395023,33.11962799221531,0.424436100187382
760594427,,surface,"POLYGON ((299711.0079787014 4632592.022921383, 299678.2176346362 4632551.261192538, 299656.4717027941 4632567.81828027, 299663.6172650508 4632578.063228828, 299638.7975208065 4632596.751400251, 299645.5836771132 4632605.150655955, 299647.6187807589 4632603.915573135, 299649.1397641084 4632605.684169616, 299659.2801289968 4632597.665095458, 299668.9001661445 4632590.060698483, 299666.1100398094 4632585.427408562, 299668.9123829125 4632583.3929141, 299679.7063438336 4632598.347072468, 299683.6853993109 4632595.590565533, 299691.2238819343 4632606.213436552, 299711.0079787014 4632592.022921383))",77,,1779.0795624459536,23.10492938241498,0.3166574715423871
760594428,,surface,"POLYGON ((299770.9843161741 4632602.162516681, 299782.9692161676 4632592.925043749, 299725.6859836789 4632566.796770874, 299714.4695880384 4632575.279342535, 299735.9827113248 4632604.011986038, 299759.1837650266 4632586.580861541, 299770.9843161741 4632602.162516681))",32,,1050.7441990702553,32.83575622094548,0.18702142857398238
760606388,,surface,"POLYGON ((299911.2359477368 4632243.764009795, 299896.1820277865 4632236.674333819, 299903.2039867569 4632222.364640126, 299918.1995748723 4632229.744889973, 299911.2359477368 4632243.764009795))",12,,263.40932594190554,21.95077716182546,0.04688409270396655
760606389,,surface,"POLYGON ((299826.1010452586 4632254.909162559, 299811.2357113212 4632248.025504471, 299806.0755641145 4632259.060458541, 299807.5458841193 4632259.319227719, 299806.1141444856 4632263.693239079, 299818.5275349143 4632269.70114319, 299826.1010452586 4632254.909162559))",10,,257.4053261872644,25.74053261872644,0.04581544382418744
760606390,Lot 105S,surface,"POLYGON ((299938.4369381699 4632438.534331379, 299914.0693157867 4632427.44984463, 299904.4338368957 4632422.964047564, 299904.7992975521 4632416.730864905, 299904.9861813551 4632413.614157106, 299916.1626660289 4632406.655431859, 299919.0763403979 4632411.252009267, 299920.4526607016 4632412.013493119, 299946.5972922923 4632425.992941984, 299938.4369381699 4632438.534331379))",16,,647.8113639170274,40.48821024481421,0.1153036170301253
760606391,Women & Infants Parking Lot,surface,"POLYGON ((299866.194013815 4632385.276920785, 299881.0040546801 4632408.275172274, 299881.339001439 4632408.954742317, 299885.2383987366 4632406.611752911, 299893.2766701822 4632419.054347186, 299915.0050030394 4632404.798802383, 299916.1626660289 4632406.655431859, 299919.0763403979 4632411.252009267, 299920.4526607016 4632412.013493119, 299946.7863869153 4632358.935592174, 299944.1614441303 4632356.631166311, 299938.5557736719 4632367.789638344, 299937.5426282826 4632368.418123084, 299938.2860233117 4632369.730756887, 299933.0326841583 4632373.000680812, 299934.72961999 4632375.708952307, 299929.4723410895 4632379.134562978, 299917.972172602 4632385.224465666, 299915.7348146248 4632381.92017678, 299898.2250798853 4632392.768102065, 299900.0018687489 4632395.951957917, 299891.0312728658 4632401.537561495, 299889.2209450377 4632398.343536237, 299876.2389015811 4632377.983176042, 299865.6910726575 4632384.535390679, 299866.194013815 4632385.276920785))",33,,1379.9804372166877,41.817589006566294,0.2456220200889803
760606392,Lot 233,surface,"POLYGON ((299857.0632179768 4632390.189207465, 299865.6910726575 4632384.535390679, 299866.194013815 4632385.276920785, 299881.0040546801 4632408.275172274, 299881.339001439 4632408.954742317, 299879.3277867592 4632410.155744758, 299878.4639433926 4632408.402000834, 299870.3202454989 4632412.942093695, 299857.0632179768 4632390.189207465))",10,,296.38783367782764,29.638783367782764,0.05275392061685698
760606393,,surface,"POLYGON ((299862.1763710282 4632420.438094487, 299865.7654208023 4632418.292712137, 299864.2406077929 4632415.201805339, 299870.3202454989 4632412.942093695, 299857.0632179768 4632390.189207465, 299846.9204399175 4632395.474387599, 299862.1763710282 4632420.438094487))",22,,302.8487924088065,13.765854200400296,0.05390390339372541
760606394,Lot 108,surface,"POLYGON ((299858.5590273519 4632467.789437125, 299862.6315235544 4632446.139370652, 299880.6157320876 4632450.13528332, 299876.3400969845 4632470.768697091, 299858.5590273519 4632467.789437125))",12,,392.62752244878664,32.71896020406555,0.06988357414755113
760606395,60 Ship Street Parking Lot,surface,"POLYGON ((299864.8177780039 4632487.616104499, 299867.5783702597 4632470.758950262, 299878.0447133124 4632472.565524906, 299884.2620967345 4632473.735682319, 299881.6860688022 4632490.654323757, 299864.8177780039 4632487.616104499))",14,,291.8439484621975,20.845996318728393,0.051945156785417036
760606396,Lot 105N,surface,"POLYGON ((299881.6860688022 4632490.654323757, 299884.2620967345 4632473.735682319, 299878.0447133124 4632472.565524906, 299882.4330961088 4632449.728698093, 299898.1664410591 4632452.309859326, 299913.5772906903 4632456.433608981, 299926.708004924 4632462.543789854, 299922.3200203306 4632471.767910983, 299919.3942196194 4632477.40617118, 299917.1120363199 4632482.281849009, 299896.5547087466 4632472.490703169, 299892.4319789637 4632492.353062257, 299881.6860688022 4632490.654323757))",43,,1162.0571154758445,27.024584080833595,0.20683395826801274
760606397,219 Richmond Street Praking Lot,surface,"POLYGON ((299894.614075299 4632493.39196826, 299898.1451132746 4632474.957482262, 299915.7978166711 4632483.141031341, 299912.952181538 4632491.043970836, 299906.8017874975 4632490.483091125, 299905.9587369126 4632495.396187516, 299894.614075299 4632493.39196826))",9,,262.6294147153701,29.18104607948557,0.04674527669919906
760606398,,surface,"POLYGON ((299849.9419710567 4632379.621133395, 299860.5343351287 4632372.878735083, 299844.3900595893 4632346.773154917, 299833.8283024325 4632354.014773598, 299849.9419710567 4632379.621133395))",14,,386.2540715658045,27.58957654041461,0.06874916684829016
760606399,,surface,"POLYGON ((299820.4552927489 4632398.817372922, 299828.5078164201 4632393.990859129, 299830.1196037146 4632392.478792341, 299829.4206223415 4632390.675977403, 299831.6392841258 4632389.758061113, 299820.7854644342 4632374.149728545, 299809.2127952294 4632380.31963282, 299809.5992531512 4632381.353350554, 299820.4552927489 4632398.817372922))",9,,288.607249129326,32.06747212548067,0.05136905830813427
760606400,,surface,"POLYGON ((299815.9284923239 4632401.611389956, 299805.0724448495 4632384.147374163, 299800.5276047698 4632375.340577017, 299788.5435098725 4632382.844437593, 299793.9348690603 4632392.194199075, 299787.8490303276 4632396.009884169, 299790.0672467094 4632399.814731241, 299796.3192320674 4632410.507160421, 299797.3236764997 4632412.234724503, 299815.9284923239 4632401.611389956))",27,,556.3846093542937,20.606837383492362,0.09903061522499038
760791299,,surface,"POLYGON ((299611.4174767092 4632280.494817217, 299610.4132099822 4632277.000398826, 299611.8254706257 4632266.315043767, 299616.342430832 4632253.108855661, 299620.0985201193 4632244.480129621, 299623.7145985663 4632239.744679091, 299626.2931501541 4632238.616567824, 299629.5597155354 4632238.60259585, 299631.5572369299 4632240.168895845, 299633.0639463579 4632241.42672348, 299636.3738781253 4632246.212092474, 299631.4455635902 4632249.806482516, 299619.910604043 4632258.209222572, 299617.8584575944 4632272.157371635, 299619.8841266636 4632274.13403613, 299611.4174767092 4632280.494817217))",13,,360.0500788202858,27.696159909252756,0.06408513143230067
760791300,,surface,"POLYGON ((299631.4455635902 4632249.806482516, 299639.1702698421 4632259.646220948, 299644.1117625864 4632255.929229455, 299636.3738781253 4632246.212092474, 299631.4455635902 4632249.806482516))",4,,76.51887288080329,19.12971822020082,0.01361955548429532
760791301,,surface,"POLYGON ((300130.2272878002 4631984.396356777, 300177.1746006174 4631985.103603117, 300177.0321601007 4631987.141151291, 300185.9046177776 4631987.225999382, 300186.0793327005 4631959.629167742, 300189.937335371 4631959.654455641, 300190.1114269682 4631944.203429351, 300141.9337802512 4631945.286300002, 300128.9467057691 4631982.009744639, 300128.7804172034 4631983.49234555, 300129.3513625325 4631984.287550076, 300130.2272878002 4631984.396356777))",58,2.0,2117.72602226254,36.512517625216205,0.37693298365319444
760791302,,surface,"POLYGON ((300234.9555739969 4632239.380227104, 300274.0568663637 4632258.898676191, 300280.4605703349 4632241.484143445, 300284.1512715211 4632241.180786818, 300296.3951843599 4632240.26014632, 300303.6016732813 4632226.279099693, 300315.0257727986 4632230.81537418, 300318.0670535066 4632228.39664776, 300320.5787170046 4632227.54847475, 300323.5051071109 4632227.855488046, 300325.6807683056 4632228.961380364, 300353.311827964 4632172.504100748, 300348.9743820509 4632170.491932036, 300340.1288509078 4632188.585911226, 300336.3893266756 4632187.145968053, 300332.2443874185 4632193.496005172, 300337.1960131095 4632194.87979391, 300330.9286281902 4632207.667718123, 300326.8429035957 4632206.926435546, 300324.529597762 4632208.624702739, 300312.7097894499 4632203.910579251, 300308.6925164454 4632213.335174184, 300267.2552334572 4632194.115294751, 300267.7934616501 4632192.555609569, 300256.1729367842 4632187.83599568, 300253.3778740594 4632185.391762629, 300251.1207241992 4632181.37674047, 300250.9960416736 4632176.924184803, 300251.9187595153 4632175.142597298, 300245.8015878875 4632172.213552742, 300243.5988445788 4632170.14166802, 300241.6333879542 4632169.418844183, 300238.6128943525 4632173.470534453, 300229.4349418778 4632192.151819345, 300228.7115424675 4632194.816815384, 300223.3166914931 4632196.901451326, 300216.6150607411 4632194.177710514, 300205.7928426964 4632217.961199466, 300217.771101997 4632221.503915686, 300226.5466808721 4632228.825642726, 300227.2422484951 4632232.884391329, 300208.9627110804 4632268.511358624, 300217.4510275512 4632274.185379094, 300234.9555739969 4632239.380227104))",95,4.0,5662.13816384883,59.60145435630348,1.0078011081319997
760791303,Lot 98,surface,"POLYGON ((300187.3636797753 4632338.457398525, 300188.0429605553 4632329.470706653, 300188.7051158334 4632317.795307148, 300190.5451664454 4632306.92033861, 300189.7770431474 4632307.097428213, 300189.3451200779 4632307.109527333, 300188.8408375737 4632306.912518868, 300188.4494206005 4632306.590113007, 300188.2213285154 4632306.16312093, 300188.2088869444 4632305.718975624, 300188.3514641109 4632305.170476768, 300193.1904338014 4632295.411636689, 300186.7825234357 4632292.19075767, 300185.943431542 4632293.692204709, 300185.5691210785 4632293.980498768, 300185.127335763 4632293.937312632, 300178.0482971132 4632290.201848656, 300163.0829112543 4632320.379967818, 300167.1431143241 4632322.288665497, 300167.4464870547 4632325.402736149, 300168.0849068544 4632328.607431456, 300169.0726554628 4632330.335510314, 300181.1667185386 4632336.830795229, 300182.4936219606 4632337.015870882, 300186.0613270988 4632337.071500841, 300186.9557789757 4632337.54650023, 300187.3636797753 4632338.457398525))",15,2.0,851.4549335688157,56.76366223792105,0.1515500329988098
760807680,,surface,"POLYGON ((300063.7373457929 4632188.69330069, 300070.3515248642 4632174.650810153, 300057.7868337987 4632168.580039577, 300050.9739417201 4632182.650337521, 300063.7373457929 4632188.69330069))",7,,218.6738365319651,31.239119504566442,0.03892164556906315
760807681,Lot 425,surface,"POLYGON ((300070.3515248642 4632174.650810153, 300057.7868337987 4632168.580039577, 300043.619006896 4632161.665239184, 300042.8940368318 4632163.085718093, 300010.4106494198 4632146.605506428, 300011.2952061127 4632144.947190283, 299996.3042264263 4632137.733297397, 299994.9939916321 4632137.847820128, 299980.4951261576 4632131.286902411, 299981.5201651137 4632129.302384697, 299955.0723225374 4632115.809086404, 299971.7764107207 4632087.17082788, 300018.1797942613 4632109.416878713, 300024.0087560544 4632097.907752188, 300053.3000036062 4632112.010567011, 300049.2639182061 4632120.457964404, 300052.3904234378 4632121.970507616, 300044.9632027417 4632137.258162037, 300080.3389144655 4632154.313095562, 300081.4294220826 4632154.960386436, 300071.0708521981 4632174.80844674, 300070.3515248642 4632174.650810153))",110,1.0,4498.109595977571,40.89190541797792,0.8006162520491978
760807682,,surface,"POLYGON ((300092.0655253936 4632130.181796072, 300099.7086569329 4632113.399092129, 300099.8343352771 4632111.950964695, 300099.3629779211 4632110.852938551, 300095.0032011266 4632108.64152074, 300071.2726272809 4632096.882968234, 300067.3508608198 4632104.071453372, 300081.8496638616 4632111.521535245, 300083.0750432295 4632112.531754476, 300081.2039375094 4632115.473404783, 300081.5809572235 4632118.840993618, 300078.8693960232 4632123.82864728, 300092.0655253936 4632130.181796072))",15,,459.40797258396,30.627198172264,0.0817697926926022
760807683,,surface,"POLYGON ((300048.7931116355 4632259.653430947, 300051.9822321873 4632253.318890653, 300047.0975720419 4632250.766623577, 300043.6546948582 4632257.241627882, 300048.7931116355 4632259.653430947))",2,,40.32818819938453,20.164094099692264,0.007177993821448659
760807684,,surface,"POLYGON ((300042.5738579135 4632292.820363261, 300046.1244636534 4632287.520247079, 300034.9357617054 4632281.599865011, 300030.2898832368 4632286.675107907, 300042.5738579135 4632292.820363261))",4,,85.60831377056284,21.40207844264071,0.015237380471238638
760807685,,surface,"POLYGON ((300089.7231873436 4632294.576919641, 300098.7035537234 4632276.278778023, 300088.0010994519 4632270.800294325, 300072.3012180878 4632263.194972516, 300071.682894683 4632264.267976898, 300066.6766699139 4632274.876134893, 300074.2662040336 4632278.730533148, 300072.1705503135 4632282.556359496, 300081.7015329377 4632287.167551388, 300080.3463040537 4632289.828050675, 300089.7231873436 4632294.576919641))",18,,507.9207250131711,28.217818056287282,0.0904045529619381
760807686,,surface,"POLYGON ((299879.696708138 4632311.011880158, 299889.0957864152 4632292.546119201, 299887.9805677579 4632291.610629235, 299872.1657596158 4632284.064522127, 299863.7256656578 4632302.63674856, 299879.696708138 4632311.011880158))",6,,383.0143862510713,63.835731041845214,0.06817253689760598
760807687,,surface,"POLYGON ((299796.6495909272 4632309.141824516, 299790.1104614406 4632305.991647705, 299783.286029767 4632304.227420455, 299773.3570089239 4632323.941689796, 299798.9180168996 4632336.948015422, 299811.1701667698 4632344.027214302, 299818.1132330247 4632329.286248141, 299813.1488945227 4632326.858610882, 299815.3338867864 4632322.074526612, 299808.3454033898 4632318.314651885, 299804.3745084444 4632325.515799655, 299791.4318895991 4632319.900600355, 299796.6495909272 4632309.141824516))",16,,772.3855661947813,48.27409788717383,0.13747651628958818
760807688,,surface,"POLYGON ((299774.474584256 4632474.505400154, 299785.1197111923 4632474.684412411, 299785.5892488651 4632442.845352944, 299783.6445787965 4632436.643665755, 299781.395813294 4632436.784576187, 299773.9653893256 4632441.56034791, 299774.5645018867 4632448.688795906, 299772.6978191755 4632448.818983659, 299774.474584256 4632474.505400154))",30,,416.3310491603336,13.877701638677786,0.07410255287877576
760807689,,surface,"POLYGON ((299868.560364747 4632629.882928658, 299876.4777737111 4632624.693535212, 299879.2143706759 4632628.017138844, 299855.2559986946 4632644.235642306, 299835.5960515888 4632619.017742892, 299837.8666337532 4632616.398171536, 299840.7612227681 4632615.872442294, 299868.560364747 4632629.882928658))",8,,476.2400992372372,59.53001240465465,0.08476573440269641
760807690,,surface,"POLYGON ((299981.3984790394 4632513.30472002, 299986.5744483133 4632502.536146033, 299973.2437941199 4632496.109211026, 299966.9145348619 4632509.62155823, 299981.3984790394 4632513.30472002))",8,,197.92076128784527,24.74009516098066,0.03522781620232198
760807691,,surface,"POLYGON ((299800.8771301864 4632300.42218547, 299794.337995184 4632297.272004614, 299788.1468900441 4632294.378757992, 299794.4940298447 4632282.099221273, 299807.1878357463 4632287.732525356, 299805.9377745621 4632289.990085722, 299800.8771301864 4632300.42218547))",4,,194.555156375869,48.63878909396725,0.03462877388620891
760807692,Lot 79,surface,"POLYGON ((299903.0704885283 4632519.557736028, 299906.6973931767 4632517.577995149, 299913.0937313084 4632523.054756836, 299939.9187900847 4632528.114059542, 299945.0018325082 4632528.260408089, 299943.7157414469 4632533.974904177, 299929.7139740435 4632531.478431185, 299925.2211729613 4632546.150558571, 299903.0704885283 4632519.557736028))",8,,373.50453470648495,46.68806683831062,0.0664798832308346
760807694,,surface,"POLYGON ((299889.9102146126 4632606.90354747, 299897.5296280734 4632610.645782139, 299898.8021942918 4632611.265709794, 299900.1593765656 4632611.93882562, 299906.3289875002 4632614.966102293, 299921.742874662 4632582.763400801, 299908.033136234 4632577.636262219, 299899.4279786342 4632596.535362126, 299895.1390168971 4632594.766587437, 299889.9102146126 4632606.90354747))",5,,558.9141330726939,111.78282661453878,0.09948084387231058
760807695,,surface,"POLYGON ((299971.8024199884 4632585.504212461, 299966.9943465781 4632585.083438747, 299961.3463481742 4632582.574874316, 299961.8491771526 4632580.349409395, 299959.70625791 4632579.520521298, 299972.7719301663 4632552.495502456, 299975.0072628444 4632552.766184589, 299971.8024199884 4632585.504212461))",10,,255.3795202825341,25.537952028253407,0.0454548716557648
760807696,,surface,"POLYGON ((299766.3369049123 4632381.834269754, 299770.533342784 4632380.005160137, 299774.6898864034 4632376.754787396, 299772.1917984461 4632370.679761173, 299768.9474334073 4632366.448116411, 299757.7840655064 4632372.095446195, 299764.1266275514 4632381.274023612, 299766.3369049123 4632381.834269754))",4,,152.09424843542678,38.023562108856694,0.027071178356681852
760819212,,surface,"POLYGON ((299706.3333325746 4632169.183133366, 299721.870418544 4632176.592235589, 299727.2686108644 4632166.339514215, 299711.6743003878 4632158.965343256, 299706.3333325746 4632169.183133366))",10,,199.00888662466988,19.90088866246699,0.03542149108069918
760819213,,surface,"POLYGON ((299649.1397641084 4632605.684169616, 299656.4815735438 4632614.334523558, 299666.8951241952 4632607.163441169, 299659.2801289968 4632597.665095458, 299649.1397641084 4632605.684169616))",6,,150.05576091332696,25.009293485554494,0.026708348993597395
760819214,,surface,"POLYGON ((299834.9664234909 4632286.152865147, 299824.1930602355 4632281.710205651, 299835.0454072384 4632259.936545589, 299839.7375366457 4632261.54952259, 299842.6946646863 4632259.988597437, 299844.8075493535 4632256.484472141, 299842.0609589131 4632254.883573029, 299848.050335667 4632243.180862989, 299873.3886491898 4632255.949239015, 299866.213540048 4632271.018907252, 299847.7559011418 4632261.424536638, 299834.9664234909 4632286.152865147))",27,,772.7566231354099,28.620615671681847,0.13754256052678696
760867427,,surface,"POLYGON ((299710.4955517309 4632562.822817419, 299682.5272395728 4632525.348274366, 299688.29705664 4632520.941293961, 299685.9376983263 4632516.551483351, 299719.1695963911 4632491.626593577, 299775.1084628502 4632566.375961671, 299762.3592693548 4632575.334867639, 299758.8930130797 4632571.487282176, 299755.8157220581 4632573.796156109, 299752.0531403117 4632573.901792879, 299748.5862315256 4632573.287936993, 299743.0391662855 4632571.121190056, 299716.6919865497 4632559.10395973, 299710.4955517309 4632562.822817419))",131,,3793.673470867367,28.959339472269978,0.6752340224125228
760867429,,surface,"POLYGON ((299865.3859421014 4632315.591646355, 299851.9791407449 4632309.133710188, 299841.8415912866 4632332.087426923, 299865.3859421014 4632315.591646355))",6,,186.6017839764588,31.1002973294098,0.03321315715529121
760867430,222 Chestnut Street Private Parking,surface,"POLYGON ((299972.9601662147 4632240.554928511, 299979.0614828099 4632228.982552136, 299991.4099844171 4632234.459176754, 299994.0025733339 4632235.608842717, 300005.2067490448 4632241.484283606, 299998.9810089812 4632253.660192185, 299997.8874936707 4632253.201908753, 299972.9601662147 4632240.554928511))",11,,396.602261020723,36.05475100188391,0.07059103585572844
761093603,90 Elm Street Parking Lot,surface,"POLYGON ((299814.5265003466 4632277.903242515, 299824.1930602355 4632281.710205651, 299835.0454072384 4632259.936545589, 299826.1010452586 4632254.909162559, 299818.5275349143 4632269.70114319, 299814.5265003466 4632277.903242515))",9,,259.2916887074363,28.81018763415959,0.046151196535116644
761093604,16 Bassett Street Parking Lot,surface,"POLYGON ((299766.5214717268 4632385.151692697, 299766.8007278459 4632383.254747351, 299770.5213135693 4632380.761140196, 299776.6322152091 4632389.979567594, 299771.7030993029 4632392.951592467, 299766.5214717268 4632385.151692697))",4,,61.95520744311092,15.48880186077773,0.011027376038678753
761093605,174 Clifford Street,surface,"POLYGON ((299627.1049550644 4632343.272573627, 299620.7741490777 4632334.816081031, 299621.3454860308 4632334.144399276, 299619.7788671266 4632329.865684724, 299645.4181306934 4632311.021143761, 299654.404887373 4632323.770230797, 299627.1049550644 4632343.272573627))",18,,512.2690461321016,28.45939145178342,0.09117850843871388
761093606,Lifespan Parking Lot,surface,"POLYGON ((299919.7505259962 4632185.163008353, 299933.7785886119 4632191.536982153, 299933.0986006982 4632193.078448269, 299952.9447855795 4632202.978584125, 299948.6730766641 4632211.910490125, 299947.1676602458 4632211.586001744, 299918.0082216497 4632197.435484994, 299914.660144445 4632195.729192992, 299919.7505259962 4632185.163008353))",9,,415.53080962951424,46.170089958834915,0.0739601186494099
761106810,95 Lofts Parking Lot,surface,"POLYGON ((299646.642761601 4632437.779229405, 299648.9246534895 4632440.593244592, 299672.0378312019 4632423.275454872, 299681.2585160676 4632435.184566471, 299655.154452128 4632455.520010072, 299644.660251748 4632439.112843428, 299646.642761601 4632437.779229405))",15,1.0,507.16367655801423,33.81091177053428,0.09026980629028533
761106811,12 Parsonage Street Parking,surface,"POLYGON ((299881.0566206055 4632265.557449359, 299883.7556298431 4632260.4255986, 299893.4767845221 4632265.586832384, 299891.0898783309 4632270.287653341, 299881.0566206055 4632265.557449359))",4,,61.13641701850002,15.284104254625005,0.010881639945109142
761114290,,surface,"POLYGON ((299722.7371450097 4632422.996283678, 299738.8517400884 4632449.513601773, 299775.9630102701 4632425.958040218, 299776.6475213236 4632425.172070406, 299776.2043494542 4632423.006482644, 299774.0579887581 4632419.688567698, 299770.621155364 4632415.706798676, 299766.1634557238 4632409.709009671, 299761.5959177499 4632404.53662334, 299761.0684699589 4632404.106934845, 299756.8613786137 4632407.036476816, 299754.141661429 4632403.134594273, 299722.7371450097 4632422.996283678))",49,2.0,1345.791411606251,27.46513084910716,0.23953673271182976
761114291,Lifespan Parking Lot,surface,"POLYGON ((299710.5389921481 4632374.322030887, 299708.1958459696 4632371.398592667, 299723.5783741586 4632360.587690118, 299734.5975343172 4632372.601944812, 299725.6535236927 4632379.131568855, 299718.0438718966 4632368.644001116, 299710.5389921481 4632374.322030887))",2,1.0,199.04687801854197,99.52343900927099,0.035428253149680164
761114292,Lifespan Parking Lot,surface,"POLYGON ((299679.4723856926 4632351.458367432, 299702.8390662309 4632333.978010065, 299723.5783741586 4632360.587690118, 299708.1958459696 4632371.398592667, 299705.1549551198 4632367.605756651, 299696.209914194 4632373.802075846, 299689.606248375 4632365.097606011, 299694.3659997017 4632361.719121242, 299690.9559700094 4632357.214351098, 299686.2241406024 4632360.403143157, 299679.4723856926 4632351.458367432))",36,,895.6459962972104,24.87905545270029,0.1594155779040111
761850664,Lot 72,surface,"POLYGON ((300029.7334712648 4632413.304958753, 300034.5496859475 4632405.413506032, 300034.2320345861 4632402.088702547, 300032.9560369801 4632400.457620614, 300022.4007090937 4632395.7752079, 300017.0763308483 4632406.592356034, 300029.7334712648 4632413.304958753))",3,,181.76049371053597,60.58683123684532,0.03235145834936359
764441927,Lot 96,surface,"POLYGON ((299991.0196480794 4632428.05863863, 299992.8777585421 4632424.361679005, 300018.6077328413 4632437.197321184, 300016.8053648912 4632441.103845632, 299991.0196480794 4632428.05863863))",5,,121.60875664651782,24.321751329303563,0.021645081091346434
764441928,Lot 97,surface,"POLYGON ((300022.7294190607 4632429.736488544, 300023.1446644026 4632426.757845222, 300009.8747571327 4632420.12911027, 300010.4842390843 4632418.445166619, 299998.5375538402 4632413.05727254, 299996.7584504763 4632416.60755411, 300022.7294190607 4632429.736488544))",5,,99.62847042432243,19.925694084864485,0.017732821063284984
