,osmid,name,geometry,highway,nodes,oneway,parking:lane:left,parking:lane:both,parking:lane:right,parking:lane:left:capacity,parking:lane:both:capacity,parking:lane:right:capacity,capacity,surface,lanes,cycleway
19352934,19352934,Abbott Park Place,"LINESTRING (-71.4135689 41.82039790000001, -71.41339600000001 41.82021089999999, -71.41334449999999 41.8201923, -71.41328660000001 41.82020369999999, -71.4131684 41.82026180000001, -71.41314509999999 41.820293, -71.4131515 41.82033919999999, -71.4131909 41.8203931, -71.4133365 41.8205758, -71.4133959 41.82065039999999)",residential,"[201136951, 6688133317, 201136956, 6688133316, 6688133315, 201136960, 201136964, 6688133314, 7869917720, 201136968]",yes,,,parallel,0,0,8,8,asphalt,,
19357901,19357901,Imperial Place,"LINESTRING (-71.411812 41.81723399999999, -71.41171989999999 41.8171253, -71.4114032 41.816687)",unclassified,"[201215980, 4405117559, 201215984]",,,parallel,,0,10,0,10,asphalt,,
19357921,19357921,Washington Place,"LINESTRING (-71.4093479 41.82676409999999, -71.408951 41.82688499999999, -71.40873000000001 41.82693499999999)",primary,"[201216304, 201216308, 201216312]",yes,parallel,,,6,0,0,6,asphalt,,
19359927,19359927,Exchange Street,"LINESTRING (-71.4105953 41.8253889, -71.4107432 41.82549829999999, -71.410883 41.82560759999999, -71.4109694 41.8256744, -71.41105469999999 41.82573670000001)",unclassified,"[201246122, 1772116238, 1772116212, 1772116107, 201246119]",,parallel,,,4,0,0,4,asphalt,,
19359928,19359928,Exchange Street,"LINESTRING (-71.412758 41.82778499999999, -71.41273219999999 41.8277511, -71.41258999999999 41.827564, -71.41256000000001 41.82751099999999, -71.4123625 41.82724889999999, -71.41234059999999 41.82721979999999)",unclassified,"[201246155, 1772116192, 201246158, 201246162, 3149554445, 201246166]",,,,parallel,0,0,4,4,asphalt,,
19360324,19360324,Francis Street,"LINESTRING (-71.4162762 41.83183840000001, -71.41629690000001 41.83172749999999, -71.416315 41.831532, -71.41635100000001 41.831177, -71.41636560000002 41.8310263, -71.416382 41.830856, -71.4164356 41.8304616, -71.416432 41.8303945, -71.4164238 41.83033440000001, -71.416399 41.83027849999998, -71.41633590000001 41.8301996, -71.41583300000001 41.82958199999999, -71.4155592 41.82930480000001, -71.4154698 41.82922330000001)",tertiary,"[201252099, 1593530565, 201252103, 201252107, 6755477981, 201252112, 201252119, 201187929, 6646451487, 201252124, 201252128, 201252133, 201252138, 201252147]",,,parallel,,0,63,0,63,asphalt,,
19361592,19361592,Peck Street,"LINESTRING (-71.4102705 41.8235813, -71.40943249999999 41.8231047)",unclassified,"[201271490, 201271494]",,,,parallel,0,0,14,14,asphalt,,
19362583,19362583,Custom House Street,"LINESTRING (-71.4097082 41.824315, -71.40960889999999 41.82430649999999, -71.4091207 41.8242701, -71.4087918 41.8242481, -71.4085096 41.8242273, -71.4084328 41.8242185)",residential,"[201284791, 201284788, 201284783, 201160656, 201284779, 201284776]",yes,parallel,,,15,0,0,15,asphalt,,
19363853,19363853,Park Row West,"LINESTRING (-71.4122897 41.8290616, -71.412381 41.82900019999999, -71.41269800000001 41.82872150000001, -71.4128197 41.82862579999999)",unclassified,"[201303978, 1593531115, 1359932463, 5406116904]",,parallel,,,5,0,0,5,asphalt,,
19363927,19363927,American Express Plaza,"LINESTRING (-71.4131718 41.82835309999999, -71.4132376 41.8283017, -71.413284 41.82826599999999, -71.4138451 41.8278081, -71.41391489999999 41.8277633, -71.4139687 41.8277395, -71.4140653 41.82770429999999, -71.4142164 41.82764860000001, -71.41436539999999 41.82760669999999, -71.4144965 41.82756199999999, -71.41467830000001 41.8275034, -71.4148017 41.82746099999999, -71.41485369999999 41.8274474, -71.41493 41.8274421, -71.4151749 41.8274521, -71.41520939999999 41.8274549)",unclassified,"[201246145, 1593530881, 201304860, 201304864, 201304868, 201304871, 201304875, 1772116133, 201304881, 201304885, 201304889, 201304892, 201304903, 201304914, 1772116135, 201304920]",,parallel,,,15,0,0,15,asphalt,,
19364599,19364599,South Street,"LINESTRING (-71.4070468 41.81769089999999, -71.40713169999999 41.8176568, -71.4077633 41.8174034, -71.407844 41.81737099999999, -71.407887 41.8173542, -71.40852630000001 41.8171046, -71.408579 41.817084, -71.4086315 41.81706179999999, -71.4092558 41.8167979, -71.409329 41.816767, -71.40936910000001 41.8167503, -71.40998690000001 41.8164926, -71.410065 41.81646)",unclassified,"[201314988, 7259818690, 7273430095, 201314996, 7273430099, 7273430331, 201315000, 7273430329, 7273430341, 201315004, 7273430343, 7273430288, 201315006]",no,,,parallel,0,0,23,23,asphalt,,
19364947,19364947,Westminster Street,"LINESTRING (-71.40881299999999 41.825306, -71.40894299999999 41.825291, -71.40903160000001 41.8252951, -71.4093463 41.82528929999999, -71.4094099 41.8252711, -71.4095993 41.825119, -71.40976360000001 41.82498729999999, -71.4098853 41.82489069999999)",residential,"[201319515, 201319518, 201319524, 201319527, 201319530, 201319536, 6423429725, 201246130]",no,,parallel,,0,13,0,13,asphalt,2,
19364981,19364981,Hay Street,"LINESTRING (-71.4091607 41.8234089, -71.408745 41.82317699999999, -71.4084952 41.8230618, -71.4084352 41.8230251)",unclassified,"[201320127, 201320131, 5152439664, 201320136]",yes,parallel,,,5,0,0,5,asphalt,,
19371263,19371263,North Main Street,"LINESTRING (-71.409058 41.827488, -71.409184 41.82769499999999, -71.409302 41.82788879999998, -71.409351 41.827972, -71.409447 41.828136, -71.409538 41.82835399999999, -71.40958670000002 41.8285113, -71.409637 41.82865499999999)",primary,"[2462943205, 201164458, 201401172, 201164445, 4221450297, 201401176, 201312046, 201401178]",yes,,parallel,,0,25,0,25,asphalt,2,
19373122,19373122,Elm Street,"LINESTRING (-71.4074809 41.8182697, -71.407554 41.81823839999999, -71.40758889999999 41.8182235, -71.408163 41.81799219999999, -71.4081872 41.81798249999999, -71.4082475 41.81795819999999, -71.40830080000001 41.81793489999999, -71.40863299999999 41.8177899, -71.4089077 41.81768659999999, -71.408973 41.817662, -71.40904860000001 41.8176313, -71.409729 41.81735500000001, -71.41031599999999 41.817135, -71.4105 41.817055, -71.4114032 41.816687)",unclassified,"[201423868, 7259818685, 6985991940, 6985991941, 7273430092, 201423870, 7273430089, 6688119970, 7273430349, 201423873, 7273430348, 201360847, 201423876, 201423880, 201215984]",,,,parallel,0,0,20,20,asphalt,,
19375260,19375260,Fountain Street,"LINESTRING (-71.41783700000001 41.8217417, -71.41777500000001 41.8217849, -71.41743450000001 41.82208139999999, -71.4171746 41.8223054, -71.4171146 41.82236529999999)",unclassified,"[201452800, 201452798, 201452796, 5689660019, 201452794]",yes,,parallel,,0,11,0,11,asphalt,,
19375884,19375884,Empire Street,"LINESTRING (-71.415314 41.82098380000001, -71.41527189999999 41.82095259999999, -71.415215 41.82089999999999, -71.41480300000001 41.82056000000001, -71.41477999999999 41.82053400000001, -71.414635 41.82038499999999, -71.414536 41.820273, -71.4144208 41.8201709, -71.4143997 41.8201528, -71.4143531 41.8201131)",tertiary,"[201319599, 5689655376, 201461429, 201461427, 201263932, 201461424, 201461411, 5740722900, 201461409, 201381708]",no,parallel,,,10,0,0,10,paved,3,no
19378803,19378803,Stillman Street,"LINESTRING (-71.412758 41.82778499999999, -71.41255200000001 41.82794200000001, -71.41210890000001 41.82832260000001, -71.4117061 41.82864180000001)",unclassified,"[201246155, 201499910, 201499914, 201304007]",,,parallel,,0,15,0,15,asphalt,,
19380569,19380569,Richmond Street,"LINESTRING (-71.4118189 41.8206204, -71.411873 41.8206503, -71.41268410000001 41.821105, -71.4127017 41.82111560000001, -71.412835 41.8211957)",unclassified,"[201521561, 201521556, 201521551, 7869917725, 201521547]",yes,,parallel,,0,16,0,16,asphalt,,
19381602,19381602,State Street,"LINESTRING (-71.41435470000002 41.8348172, -71.414314 41.83467499999999, -71.414261 41.834507, -71.414177 41.834335, -71.414017 41.83406400000001, -71.4139946 41.83403060000001, -71.413864 41.833836, -71.413757 41.83365199999999, -71.413574 41.83337799999999, -71.413498 41.83321800000001, -71.41346 41.833099, -71.41345370000001 41.83296779999999, -71.41346849999999 41.83275869999999, -71.41346 41.832626, -71.4134277 41.8324807, -71.413399 41.832413, -71.413269 41.832233, -71.412933 41.831741, -71.4128889 41.83167600000001, -71.4128255 41.8315542)",primary,"[201159999, 201533532, 201533528, 201533524, 201533520, 1593531194, 201533516, 201533513, 201533510, 201533508, 201533506, 201533504, 201533502, 201533499, 201533492, 201533488, 201533484, 201533480, 1593530738, 201284069]",yes,,,parallel,0,0,29,29,asphalt,,
19383194,19383194,Aborn Street,"LINESTRING (-71.417794 41.82278620000001, -71.41791929999999 41.82285, -71.418098 41.82294099999999, -71.418465 41.823162, -71.418785 41.82338299999999, -71.41905199999999 41.82353999999999, -71.419258 41.823654)",unclassified,"[201551681, 5689645344, 201551685, 201551692, 201551695, 201551697, 201551700]",,,parallel,,0,20,0,20,asphalt,,
19384792,19384792,Dyer Street,"LINESTRING (-71.4080043 41.8193693, -71.4080099 41.81942399999999, -71.4080123 41.8194477, -71.40806329999999 41.81999560000001, -71.40815910000001 41.82104839999999, -71.4081521 41.82121040000001)",primary,"[201680041, 7033796936, 6985991929, 6985991928, 6985991927, 5255991882]",,,parallel,,0,34,0,34,asphalt,2,lane
19384796,19384796,Dyer Street,"LINESTRING (-71.4084328 41.8242185, -71.4084108 41.8240431, -71.4084007 41.8238749, -71.4083979 41.82382489999998, -71.408379 41.823631, -71.408368 41.823531, -71.408348 41.8232817, -71.4083009 41.8230497)",primary,"[201284776, 1359956952, 201569840, 1359956938, 201569844, 201434820, 2782796082, 201569766]",yes,,,parallel,0,0,10,10,asphalt,2,
19385363,19385363,Canal Street,"LINESTRING (-71.4113344 41.83143359999998, -71.41132399999999 41.83121899999998, -71.41130560000001 41.83113299999999, -71.4110742 41.8300502, -71.411034 41.82986199999999, -71.410995 41.829681, -71.410962 41.82951799999999, -71.41087300000001 41.829086, -71.410866 41.82905199999999, -71.41085099999999 41.82895699999999, -71.41082800000001 41.82885399999999, -71.4108026 41.8287581, -71.410749 41.82861, -71.41073350000001 41.82856760000001, -71.41069 41.828468)",primary,"[201378413, 201578256, 1593530830, 1593531081, 201185004, 201578252, 201578248, 201184991, 201578243, 201578239, 201578236, 201578231, 201578226, 201578223, 201303985]",yes,,,parallel,0,0,43,43,asphalt,3,
19386084,19386084,Adrian Hill Way,"LINESTRING (-71.4159313 41.822235, -71.4160107 41.82226870000001, -71.416138 41.82230800000001, -71.4162961 41.822381)",unclassified,"[201551651, 5689641925, 201587639, 7113443450]",,parallel,,,4,0,0,4,asphalt,,
19387246,19387246,Park Row,"LINESTRING (-71.409637 41.82865499999999, -71.4103281 41.8285351, -71.41069 41.828468)",unclassified,"[201401178, 201604122, 201303985]",,,parallel,,0,21,0,21,asphalt,,
19389178,19389178,Packet Street,"LINESTRING (-71.4061676 41.82351930000001, -71.4067891 41.8231849)",unclassified,"[201347329, 201324180]",,parallel,,,5,0,0,5,asphalt,,
19390131,19390131,Hospital Street,"LINESTRING (-71.41110999999999 41.81794000000001, -71.410805 41.81750499999999, -71.4105 41.817055, -71.4100998 41.8165075, -71.410065 41.81646, -71.4100387 41.81642349999998, -71.4097617 41.8160389, -71.4095396 41.8157306, -71.409497 41.81567139999999)",unclassified,"[201639554, 201209546, 201423880, 7273430286, 201315006, 7273430282, 7150287914, 4405117522, 201302692]",,,,parallel,0,0,27,27,asphalt,,
19393128,19393128,Eddy Street,"LINESTRING (-71.4143471 41.82484539999999, -71.4143316 41.82476499999999, -71.4142397 41.8246922, -71.41400609999999 41.82450069999999)",unclassified,"[3875013271, 3875013269, 3875013268, 201436484]",yes,,,parallel,0,0,5,5,asphalt,,
19393130,19393130,Eddy Street,"LINESTRING (-71.4094161 41.82096119999999, -71.40920439999999 41.82064179999999)",unclassified,"[201360676, 201680241]",,,parallel,,0,9,0,9,asphalt,,
19395298,19395298,Chestnut Street,"LINESTRING (-71.411469 41.81880100000001, -71.4110424 41.81860649999999, -71.4108033 41.81850469999999, -71.410614 41.81842400000001, -71.409966 41.81813399999999, -71.409592 41.81796599999999, -71.40952040000002 41.81793450000001, -71.4090346 41.81772099999999, -71.408973 41.817662, -71.40894590000001 41.8176223, -71.4086002 41.8171151, -71.408579 41.817084, -71.4085445 41.81703499999999, -71.4082963 41.81668189999999, -71.4080422 41.8163382, -71.4079916 41.8162698)",unclassified,"[4569158439, 7079844803, 7079844804, 201708114, 201209532, 201505930, 7150287911, 201708117, 201423873, 7273430347, 7273430330, 201315000, 7273430332, 3732216356, 7273430337, 201302701]",,parallel,,,24,0,0,24,asphalt,,
19395320,19395320,Chestnut Street,"LINESTRING (-71.4143531 41.8201131, -71.41427090000001 41.8200557, -71.41424859999999 41.820045, -71.4139703 41.8199114, -71.413605 41.819736, -71.4134222 41.819661, -71.4129451 41.81946539999999)",unclassified,"[201381708, 6688133318, 7869917714, 6756048872, 201708272, 6756048883, 201622522]",yes,parallel,,,10,0,0,10,asphalt,,
19396157,19396157,Weybosset Street,"LINESTRING (-71.411462 41.82266129999999, -71.411203 41.82290999999999, -71.411073 41.8230474, -71.41099 41.82309790000001)",unclassified,"[201680205, 201718071, 5152350659, 201411316]",no,parallel,,,4,0,0,4,asphalt,2,
19397466,19397466,Washington Street,"LINESTRING (-71.4159313 41.822235, -71.41596050000001 41.82221390000002, -71.4163336 41.821935, -71.41643830000001 41.8218693)",unclassified,"[201551651, 5689641926, 5689639721, 201461438]",,,parallel,,0,9,0,9,asphalt,,
19398934,19398934,Greene Street,"LINESTRING (-71.4149542 41.81941960000001, -71.41502029999999 41.81947019999999, -71.415188 41.819604, -71.415459 41.81984299999999, -71.4155215 41.81989709999998, -71.4155595 41.81992989999998, -71.41613 41.82042299999999, -71.416428 41.820641, -71.41650799999999 41.82070500000002, -71.4171601 41.82123140000001, -71.41721870000001 41.8212822)",unclassified,"[201179853, 5740724038, 201164469, 201749136, 7122075904, 6877352430, 201319603, 201749138, 201148696, 5689659081, 201734869]",yes,parallel,,diagonal,20,0,48,68,asphalt,,
19399289,19399289,Mathewson Street,"LINESTRING (-71.41262620000001 41.82144439999999, -71.41273 41.82151089999999, -71.41308170000001 41.8217702, -71.4136426 41.8222006)",residential,"[201718111, 6658050227, 201263911, 201319573]",yes,,,parallel,0,0,13,13,asphalt,,
19400078,19400078,Claverick Street,"LINESTRING (-71.413719 41.8186668, -71.41470990000001 41.8192077, -71.414866 41.8193472, -71.4148787 41.81935859999999, -71.4149542 41.81941960000001)",residential,"[201760865, 6688133319, 7869917709, 201760857, 201179853]",yes,,parallel,,0,31,0,31,asphalt,2,
19400742,19400742,Fulton Street,"LINESTRING (-71.4123111 41.8241444, -71.4123831 41.824068, -71.41292350000001 41.8236544)",unclassified,"[201315106, 1359940943, 201680185]",,,parallel,,14,0,0,14,asphalt,,
19402150,19402150,Page Street,"LINESTRING (-71.4124233 41.82164900000001, -71.41227139999999 41.8215817, -71.41185400000001 41.8213968, -71.4113018 41.82115930000001)",unclassified,"[201718102, 7869917735, 201776688, 201583986]",yes,,parallel,,0,21,0,21,asphalt,,
19403034,19403034,Washington Street,"LINESTRING (-71.41342349999999 41.8240345, -71.4134626 41.82400629999999, -71.4139954 41.8236234)",unclassified,"[201680181, 5689667906, 201545073]",,,parallel,,0,12,0,12,asphalt,,
42887038,42887038,Fountain Street,"LINESTRING (-71.41492839999999 41.824446, -71.41468020000001 41.8247159, -71.4146209 41.8247907, -71.41461470000002 41.82480339999999, -71.41457680000001 41.82488039999999)",primary,"[201452763, 201452755, 3875013270, 5689649262, 201252063]",yes,,,parallel,0,0,4,4,asphalt,,
43075164,43075164,Fountain Street,"LINESTRING (-71.4171146 41.82236529999999, -71.417028 41.8224299, -71.416794 41.822609)",primary,"[201452794, 5689660017, 201452790]",yes,,parallel,,0,5,0,5,asphalt,,
43077574,43077574,Dyer Street,"LINESTRING (-71.4083009 41.8230497, -71.4082602 41.8232867, -71.4082377 41.82399409999999, -71.4082329 41.8241462)",primary,"[201569766, 539664729, 1359956941, 201154519]",yes,,,parallel,0,0,6,6,asphalt,2,
43671541,43671541,Smith Street,"LINESTRING (-71.4128255 41.8315542, -71.4129729 41.831574, -71.413453 41.8316165, -71.4137559 41.83164680000001, -71.41397019999999 41.83166319999999, -71.4145814 41.8317112, -71.41483010000002 41.83172929999999, -71.4150927 41.8317442, -71.41611229999999 41.831822, -71.4162762 41.83183840000001, -71.4164162 41.8318524, -71.41664110000001 41.8318822, -71.4168626 41.8319097)",primary,"[201284069, 1593531191, 2460675397, 5966371698, 201378447, 1359932338, 1593530942, 1359932451, 1593531230, 201252099, 201378466, 201378470, 201378474]",,,parallel,,0,45,0,45,asphalt,4,
43671556,43671556,Gaspee Street,"LINESTRING (-71.4151823 41.8291963, -71.41496739999999 41.8291856, -71.414647 41.82916549999999, -71.41444799999999 41.82915529999999, -71.41442600000001 41.82915539999999, -71.4143984 41.82915759999999, -71.41437639999999 41.82916010000002, -71.4143443 41.829164, -71.4143172 41.82916849999999, -71.41428790000001 41.82917440000001, -71.4142617 41.82917989999999, -71.4142365 41.8291859, -71.4142085 41.8291939, -71.4141844 41.8292019, -71.41415840000001 41.8292102, -71.41412750000001 41.82922199999999, -71.4140982 41.82923449999999, -71.4140735 41.82924539999998, -71.4140519 41.8292553, -71.41402859999999 41.82926789999998, -71.4140009 41.8292833, -71.41397449999999 41.8292995, -71.4139553 41.82931250000001, -71.4139368 41.8293267, -71.41391590000001 41.82934300000001, -71.413895 41.82935940000001, -71.4138583 41.8293876, -71.4137985 41.8294362, -71.4136268 41.8295736, -71.4134238 41.8297349, -71.41333109999999 41.82981580000001, -71.4131208 41.8300085, -71.41299220000001 41.8301495, -71.41288 41.830307, -71.412796 41.830479, -71.41275 41.83062, -71.412712 41.830799, -71.41270400000001 41.83095599999999, -71.41271999999999 41.831142, -71.412758 41.831367, -71.412785 41.83144179999999, -71.4128255 41.8315542)",primary,"[201251899, 1359932583, 201283999, 201284002, 7824671830, 7824671831, 7824671832, 7824671833, 201284006, 7824671834, 7824671835, 7824671836, 7824671837, 201284010, 7824671838, 7824671839, 7824671840, 7824671841, 7824671842, 201284013, 7824671843, 7824671844, 7824671845, 7824671846, 7824671847, 5404609940, 7824671848, 201284015, 201284023, 1359932730, 201284033, 201284036, 201284039, 201284044, 201284049, 201284052, 201284055, 201284058, 201284062, 201284066, 1593530805, 201284069]",,,parallel,,0,34,0,34,asphalt,2,
47795373,47795373,Fountain Street,"LINESTRING (-71.41573270000001 41.8237176, -71.4156978 41.8237551, -71.41564200000001 41.823811, -71.4153341 41.8240973, -71.415085 41.824295, -71.41499399999999 41.82437699999999)",primary,"[201452780, 201452777, 201452773, 201305058, 201452769, 201452765]",yes,parallel,,,9,0,0,9,asphalt,2,
47795375,47795375,Broad Street,"LINESTRING (-71.4162911 41.817964, -71.4162152 41.81804799999999, -71.41596199999999 41.8183334, -71.4159143 41.81838719999999, -71.4158851 41.8184171, -71.4154388 41.8188728, -71.4154173 41.8188971, -71.4153472 41.81897609999999, -71.4152586 41.8190761, -71.4150264 41.8193381, -71.4149542 41.81941960000001, -71.414903 41.8194775, -71.41454830000001 41.81987820000001, -71.41441089999999 41.8200435, -71.4143531 41.8201131)",tertiary,"[201381720, 5740720935, 7869917695, 201381716, 7869917698, 201214557, 7869917704, 6877352425, 6877352429, 7869917711, 201179853, 7869917710, 201381712, 7869917715, 201381708]",,,parallel,,0,32,0,32,asphalt,,
47795515,47795515,Exchange Terrace,"LINESTRING (-71.4127823 41.82571180000001, -71.4132029 41.8255654, -71.4134305 41.82549089999998, -71.4136743 41.82540039999999, -71.4141473 41.82524709999999, -71.4146789 41.82506300000001, -71.414795 41.825027)",tertiary,"[1359932422, 201260826, 201260822, 201260818, 201260814, 5689665165, 201252025]",no,,parallel,,0,23,0,23,asphalt,,shared_lane
48486397,48486397,Pine Street,"LINESTRING (-71.4100873 41.8224434, -71.4101503 41.82237709999998, -71.41034700000002 41.82217000000001, -71.4108039 41.8216937, -71.41096349999999 41.8215273, -71.4113018 41.82115930000001)",unclassified,"[201411328, 5152270272, 201583981, 6862343501, 2910197362, 201583986]",yes,,,parallel,0,0,23,23,asphalt,,
49074850,49074850,Point Street,"LINESTRING (-71.40646529999999 41.8168807, -71.4063402 41.81687269999998, -71.4054704 41.817201, -71.4050575 41.81733269999999, -71.404724 41.81747980000001, -71.4046769 41.8175006, -71.40448000000001 41.817669)",primary,"[201302714, 201302519, 3870442667, 4492742816, 7984385891, 4492742815, 201302501]",yes,,,parallel,0,0,12,12,asphalt,2,
49075843,49075843,Claverick Street,"LINESTRING (-71.4123335 41.81789270000001, -71.41195260000001 41.81770430000001, -71.4115942 41.81752400000001, -71.4115465 41.8175)",unclassified,"[201360701, 7150287905, 6423429717, 201724711]",,parallel,,,10,0,0,10,asphalt,,
49076164,49076164,Pine Street,"LINESTRING (-71.41337679999999 41.8190209, -71.413719 41.8186668, -71.4138153 41.81856539999999, -71.4141527 41.8182102, -71.4142603 41.81809090000001, -71.4145772 41.81774159999999, -71.4147509 41.8175471)",unclassified,"[201583995, 201760865, 7908101129, 201404991, 6865739182, 7908101118, 616069498]",yes,,parallel,,0,34,0,34,asphalt,,
49076170,49076170,East Franklin Street,"LINESTRING (-71.4147509 41.8175471, -71.4148205 41.81747420000001, -71.4149738 41.81731619999999, -71.41504870000001 41.8172532)",unclassified,"[616069498, 622651540, 622651543, 201584009]",yes,,,parallel,0,0,4,4,asphalt,,
90091972,90091972,West Exchange Street,"LINESTRING (-71.4161605 41.82485869999999, -71.4158132 41.8248608)",tertiary,"[1044295016, 201156465]",,,,parallel,0,0,3,3,asphalt,,
90091975,90091975,Westminster Street,"LINESTRING (-71.4098853 41.82489069999999, -71.4104894 41.82444819999999, -71.4109912 41.8240807, -71.41123039999999 41.8239145, -71.4116573 41.82360679999999, -71.4123196 41.823148, -71.4128808 41.82274439999998, -71.4131065 41.8225789, -71.4132285 41.8224926, -71.4136426 41.8222006, -71.4140474 41.8218997, -71.41435970000001 41.8216762, -71.41448890000001 41.8215828, -71.414669 41.8214527, -71.4147961 41.82136090000001, -71.4152275 41.8210491, -71.415314 41.82098380000001)",residential,"[201246130, 7129729869, 201319547, 201319550, 201319554, 201319557, 201319565, 3420673039, 201305067, 201319573, 201319577, 201319583, 7205271430, 7205271428, 201319596, 5689655378, 201319599]",yes,,,parallel,0,0,66,66,paved,1,
141535657,141535657,Fenner Street,"LINESTRING (-71.41663320000001 41.8188754, -71.4165864 41.8188758, -71.4164871 41.81877129999999, -71.4164083 41.81868060000001, -71.4159804 41.81841699999998, -71.4159143 41.81838719999999)",unclassified,"[201408042, 201408045, 6755973926, 201408047, 5740714478, 201381716]",,parallel,,,5,0,0,5,asphalt,,
145034779,145034779,Weybosset Street,"LINESTRING (-71.41099 41.82309790000001, -71.41091369999999 41.82313670000001, -71.41056800000001 41.8233779, -71.4103808 41.8235059, -71.4102705 41.8235813)",residential,"[201411316, 5152350666, 201718060, 7284471226, 201271490]",yes,parallel,,parallel,4,0,2,6,asphalt,,
146063018,146063018,Park Row West,"LINESTRING (-71.4110278 41.8284293, -71.411106 41.8284254, -71.4112004 41.82842590000001, -71.41127299999999 41.82844, -71.41143600000001 41.8284874, -71.411571 41.8285535, -71.4117061 41.82864180000001)",unclassified,"[201303990, 201303992, 5976631897, 201303994, 201303997, 201304002, 201304007]",,,parallel,,0,15,0,15,asphalt,,
162264952,162264952,Park Street,"LINESTRING (-71.4168626 41.8319097, -71.4168092 41.83202109999999, -71.41667180000002 41.832356, -71.416618 41.83246999999999, -71.4165445 41.83265750000001, -71.41641140000002 41.8329804, -71.41630600000001 41.833218, -71.41616380000001 41.833519, -71.41606969999999 41.8336936, -71.4159221 41.83392850000001, -71.4157908 41.83414499999999, -71.41564390000001 41.83437489999999, -71.4154128 41.83468479999999, -71.4153286 41.8347749)",tertiary,"[201378474, 6658046739, 1593530986, 201503374, 1593531302, 201503377, 201503383, 6658046741, 201503385, 1593530589, 201503389, 6658046740, 6658046742, 201503393]",yes,,parallel,,0,38,0,38,asphalt,,
162270587,162270587,Point Street,"LINESTRING (-71.41006890000001 41.8154566, -71.4099449 41.8154967, -71.4097513 41.8155762, -71.40955150000001 41.8156501, -71.409497 41.81567139999999, -71.40943969999999 41.8156926, -71.4087538 41.8159717, -71.4087385 41.8159777, -71.4086942 41.81599509999999, -71.40834630000001 41.8161314, -71.4082664 41.81616260000001, -71.4079916 41.8162698, -71.407307 41.81653010000001, -71.40725550000001 41.81654969999999, -71.40718010000001 41.8165813, -71.4066048 41.8168223, -71.40646529999999 41.8168807)",primary,"[201302686, 4636819189, 4636819190, 4405117518, 201302692, 4405117520, 201360855, 7915570768, 7273430153, 3732216348, 7046793511, 201302701, 7273430351, 201302710, 7273430352, 7273430106, 201302714]",,,parallel,,0,21,0,21,asphalt,,
165671788,165671788,Exchange Street,"LINESTRING (-71.4098853 41.82489069999999, -71.4102678 41.82515209999999, -71.4105179 41.825331, -71.4105953 41.8253889)",unclassified,"[201246130, 201246126, 5241017166, 201246122]",yes,,,parallel,0,10,0,10,asphalt,,
203947206,203947206,Dorrance Street,"LINESTRING (-71.41457680000001 41.82488039999999, -71.4145218 41.82487199999999, -71.4143471 41.82484539999999, -71.414017 41.82479499999999, -71.4136682 41.8247373, -71.41332199999999 41.82467999999999, -71.413094 41.82463100000001, -71.4130157 41.8246039, -71.412933 41.82456199999999, -71.4128894 41.82453699999999, -71.4127735 41.82446119999999)",tertiary,"[201252063, 5689649263, 3875013271, 201411279, 7113443469, 201411280, 201411284, 3875013267, 201411288, 1359940923, 201315081]",,,,parallel,0,0,4,4,asphalt,,shared_lane
203947680,203947680,Washington Street,"LINESTRING (-71.41105469999999 41.82573670000001, -71.4109766 41.82579340000002, -71.41079740000001 41.8259197, -71.4103235 41.826261, -71.41016999999999 41.8263683)",tertiary,"[201246119, 1359940918, 201315070, 201315066, 201315062]",yes,,parallel,,0,23,0,23,asphalt,,
203948188,203948188,Dorrance Street,"LINESTRING (-71.41099 41.82309790000001, -71.41092980000001 41.8230465, -71.41054680000001 41.82277220000001, -71.41013150000001 41.82247469999999, -71.4100873 41.8224434, -71.4100426 41.822412, -71.4094968 41.8220519, -71.4094379 41.8220119, -71.4093889 41.82198189999999, -71.4087991 41.8216163)",tertiary,"[201411316, 5152350661, 5600792525, 5152270266, 201411328, 5152270270, 5152253106, 201411335, 5152253112, 201360666]",,,parallel,,0,44,0,44,asphalt,,
273425015,273425015,Peck Street,"LINESTRING (-71.4087754 41.8227249, -71.40882240000001 41.8227521, -71.40943249999999 41.8231047)",residential,"[201271496, 5152389391, 201271494]",yes,,,parallel,0,0,10,10,asphalt,,
273425016,273425016,Peck Street,"LINESTRING (-71.4082519 41.82244810000001, -71.40835940000001 41.82248940000001, -71.4087334 41.8227002, -71.4087754 41.8227249)",unclassified,"[201271501, 2782796081, 5152389393, 201271496]",yes,parallel,,,5,0,0,5,asphalt,,
287419031,287419031,Garnet Street,"LINESTRING (-71.41014699999999 41.8212915, -71.4103336 41.82134539999999, -71.41096349999999 41.8215273)",unclassified,"[201786118, 6862343496, 2910197362]",yes,,parallel,,0,19,0,19,asphalt,,
293376987,293376987,Washington Street,"LINESTRING (-71.41781279999999 41.82086249999999, -71.4179101 41.82079599999999, -71.4179587 41.82076020000001, -71.4180284 41.82071990000001, -71.41844469999999 41.8204564, -71.41861400000001 41.82035369999999, -71.41867329999999 41.82031779999999, -71.4187489 41.82027389999998, -71.4188454 41.8202178)",unclassified,"[5689661222, 3732205704, 201734872, 201515809, 5895929184, 3732205714, 5895929182, 6688119977, 201460618]",,,parallel,,0,14,0,14,asphalt,,
293376988,293376988,Greene Street,"LINESTRING (-71.41721870000001 41.8212822, -71.41729410000001 41.82133409999999, -71.4177354 41.8216915, -71.41783700000001 41.8217417, -71.4178996 41.82176750000001, -71.41842509999999 41.8220778, -71.4185118 41.8221412, -71.418564 41.82219299999999, -71.41864289999999 41.8222961, -71.4187074 41.82238150000001)",unclassified,"[201734869, 5689659083, 201749140, 201452800, 201749143, 201749145, 5895929586, 201749148, 5689645418, 201220759]",yes,diagonal,,parallel,12,0,7,19,asphalt,,
293376990,293376990,Broadway,"LINESTRING (-71.4184364 41.822503, -71.4186246 41.8224102, -71.4187074 41.82238150000001, -71.4190488 41.82225799999999, -71.4194676 41.8221452, -71.41964470000001 41.8221096, -71.41976579999999 41.82208519999998)",primary,"[201220585, 5689645417, 201220759, 201220579, 418098439, 5689636242, 201220577]",no,parallel,,,7,0,0,7,asphalt,4,lane
352339439,352339439,Bassett Street,"LINESTRING (-71.4115465 41.8175, -71.411812 41.81723399999999)",unclassified,"[201724711, 201215980]",,,,parallel,0,0,4,4,asphalt,,
371935391,371935391,Delta Street,"LINESTRING (-71.4098096 41.82398310000001, -71.4088706 41.8239039, -71.4088093 41.82386689999999, -71.40877330000001 41.8238223)",unclassified,"[201718056, 3754811960, 3754811958, 3754811957]",,,parallel,,0,6,0,6,asphalt,1,
384206233,384206233,Exchange Terrace,"LINESTRING (-71.4107504 41.8267191, -71.41086 41.82664139999999, -71.4114513 41.8262259, -71.4114986 41.8262, -71.4116178 41.8261504)",tertiary,"[201260844, 3190066529, 201260841, 201260838, 201260835]",yes,,parallel,,0,14,0,14,asphalt,,
384206240,384206240,West Exchange Street,"LINESTRING (-71.4153206 41.8248623, -71.4154324 41.82488419999999, -71.4156551 41.824886, -71.4158132 41.8248608)",tertiary,"[201712126, 6658050237, 6658050236, 201156465]",yes,,,parallel,0,0,2,2,asphalt,,
423738878,423738878,Clifford Street,"LINESTRING (-71.40822040000002 41.82215729999999, -71.40832450000001 41.8221029, -71.4083706 41.822059, -71.4087991 41.8216163, -71.4094161 41.82096119999999, -71.4104581 41.819886)",tertiary,"[201123251, 6688133307, 2782796076, 201360666, 201360676, 4569158432]",yes,,,parallel,0,0,32,32,asphalt,,shared_lane
452481929,452481929,Point Street,"LINESTRING (-71.40448000000001 41.817669, -71.40500059999999 41.81748919999999, -71.4055109 41.8172631, -71.405647 41.817207, -71.4063888 41.8169369, -71.40646529999999 41.8168807)",primary,"[201302501, 4492742801, 4492742818, 201302717, 6188676783, 201302714]",yes,,,parallel,0,0,16,16,asphalt,2,
461418240,461418240,Friendship Street,"LINESTRING (-71.411136 41.82025130000002, -71.410544 41.8208633, -71.41014699999999 41.8212915, -71.409863 41.8215769, -71.4094869 41.82195919999999, -71.4094379 41.8220119, -71.4093766 41.82208219999999, -71.4090516 41.8224569)",tertiary,"[201521567, 201776691, 201786118, 201680141, 5152253108, 201411335, 5152253110, 201762183]",yes,,parallel,,0,39,0,39,asphalt,,
461418252,461418252,Ship Street,"LINESTRING (-71.40986599999999 41.81901899999999, -71.410591 41.81896200000001, -71.41082179999999 41.8189552, -71.4112883 41.8189416, -71.4113436 41.81893159999999)",unclassified,"[201209519, 201724703, 7150287909, 6688133306, 201735888]",yes,parallel,,,10,0,0,10,asphalt,,
461418257,461418257,Ship Street,"LINESTRING (-71.40986599999999 41.81901899999999, -71.409113 41.81914089999999)",unclassified,"[201209519, 201521613]",no,parallel,,,5,0,0,5,asphalt,,
543709163,543709163,Dorrance Street,"LINESTRING (-71.4087991 41.8216163, -71.4082653 41.82128599999999, -71.4081521 41.82121040000001)",tertiary,"[201360666, 6688133309, 5255991882]",,,parallel,,0,9,0,9,asphalt,,shared_lane
544197958,544197958,Dyer Street,"LINESTRING (-71.4081521 41.82121040000001, -71.40816220000001 41.82133259999999, -71.4081815 41.82163989999999, -71.40820069999999 41.8219891, -71.40822040000002 41.82215729999999, -71.40822729999999 41.8222311, -71.4082338 41.8223001)",primary,"[5255991882, 201569735, 201569740, 6755695544, 201123251, 6755695537, 4041069695]",no,parallel,,,7,0,0,7,asphalt,3,
547275326,547275326,Washington Street,"LINESTRING (-71.41643830000001 41.8218693, -71.4165244 41.82180559999999, -71.41683519999999 41.82156359999998, -71.41715400000001 41.82133159999999, -71.41721870000001 41.8212822)",unclassified,"[201461438, 5689638619, 201638338, 5689659080, 201734869]",,,parallel,,0,10,0,10,asphalt,,
547275327,547275327,Empire Street,"LINESTRING (-71.41643830000001 41.8218693, -71.41649870000001 41.82192190000001, -71.41657429999999 41.8219782, -71.4169278 41.82224169999999, -71.4170311 41.82231600000001, -71.4171146 41.82236529999999)",tertiary,"[201461438, 5689638620, 201461441, 201461443, 5689660018, 201452794]",no,,parallel,,0,13,0,13,asphalt,3,
547362085,547362085,Exchange Street,"LINESTRING (-71.41105469999999 41.82573670000001, -71.4111284 41.82578340000001, -71.4116178 41.8261504)",unclassified,"[201246119, 1359940922, 201260835]",,parallel,,,6,0,0,6,asphalt,,
547362086,547362086,Dorrance Street,"LINESTRING (-71.4123111 41.8241444, -71.4122586 41.82410119999999, -71.4122033 41.82405480000001, -71.4116573 41.82360679999999, -71.41158299999999 41.82355100000001, -71.411339 41.82335699999999, -71.4110463 41.8231385, -71.41099 41.82309790000001)",tertiary,"[201315106, 201411302, 1359940899, 201319554, 201411306, 201411309, 5152350663, 201411316]",,,parallel,,0,35,0,35,asphalt,,
560205074,560205074,Fulton Street,"LINESTRING (-71.4116236 41.8246382, -71.4116652 41.82461010000001, -71.4117538 41.8245491, -71.4120231 41.8243546, -71.4122005 41.8242346, -71.4123111 41.8241444)",unclassified,"[5402497780, 201315100, 1359940904, 201315104, 1359940870, 201315106]",,parallel,,,10,0,0,10,asphalt,,
560205081,560205081,North Main Street,"LINESTRING (-71.4078477 41.82569580000001, -71.40805210000001 41.82591609999999, -71.408197 41.82607599999999, -71.408278 41.82620699999999, -71.4086712 41.8268404)",primary,"[201347292, 201401167, 201344814, 201369750, 446866033]",yes,,parallel,,0,20,0,20,asphalt,2,
560508842,560508842,Exchange Terrace,"LINESTRING (-71.4122493 41.82591989999999, -71.41256660000001 41.82580109999999, -71.4127823 41.82571180000001)",tertiary,"[5406116903, 201260829, 1359932422]",,,,parallel,0,0,5,5,asphalt,,shared_lane
560508849,560508849,Exchange Terrace,"LINESTRING (-71.41182329999999 41.82606659999999, -71.41209670000002 41.8259704)",tertiary,"[5288955950, 5405414118]",,,,parallel,0,0,4,4,asphalt,,shared_lane
560508857,560508857,Fulton Street,"LINESTRING (-71.41132690000001 41.82484950000001, -71.4113985 41.8247984, -71.4116236 41.8246382)",unclassified,"[5405416722, 1359940875, 5402497780]",,parallel,,,4,0,0,4,asphalt,,
560578498,560578498,Park Row West,"LINESTRING (-71.4117061 41.82864180000001, -71.4117823 41.82869659999999, -71.41223599999999 41.82902009999999, -71.4122897 41.8290616)",unclassified,"[201304007, 201304012, 1593531146, 201303978]",,,parallel,,0,10,0,10,asphalt,,
560578499,560578499,Park Row West,"LINESTRING (-71.4128197 41.82862579999999, -71.41307279999999 41.82842670000002, -71.41311210000001 41.8283977, -71.4131718 41.82835309999999)",unclassified,"[5406116904, 5689668853, 201303980, 201246145]",,parallel,,,4,0,0,4,asphalt,,
560828704,560828704,Weybosset Street,"LINESTRING (-71.4133959 41.82065039999999, -71.41329450000001 41.820713, -71.4132414 41.8207459, -71.4131649 41.82082460000001, -71.413009 41.8209995, -71.41293779999999 41.82108460000001, -71.41290320000002 41.82112200000001, -71.412835 41.8211957, -71.41279299999999 41.8212453, -71.4126823 41.8213775, -71.41262620000001 41.82144439999999, -71.412578 41.82149299999999, -71.4124233 41.82164900000001, -71.4122437 41.82182899999999)",unclassified,"[201136968, 7728943911, 201606013, 201718130, 201718122, 5423557363, 7869917726, 201521547, 201718116, 7869917732, 201718111, 7869917731, 201718102, 201718075]",no,,parallel,,0,12,0,12,asphalt,,
560828718,560828718,Fulton Street,"LINESTRING (-71.41099029999999 41.825104, -71.4110778 41.82503879999999, -71.41132690000001 41.82484950000001)",unclassified,"[5404609942, 1359940949, 5405416722]",,parallel,,,3,0,0,3,asphalt,,
562602118,562602118,Weybosset Street,"LINESTRING (-71.4097137 41.82447499999999, -71.40971930000001 41.82478239999999)",residential,"[201718051, 201368211]",yes,,parallel,,0,10,0,10,asphalt,,
562602211,562602211,Sabin Street,"LINESTRING (-71.4166805 41.82364450000001, -71.4167872 41.82355419999999, -71.41771700000001 41.8228441, -71.417794 41.82278620000001)",primary,"[5423557365, 201168275, 5689645343, 201551681]",yes,parallel,,parallel,8,0,5,13,asphalt,3,shared_lane
633905019,633905019,Empire Street,"LINESTRING (-71.41643830000001 41.8218693, -71.4163643 41.82181080000001, -71.415739 41.8213255, -71.4155832 41.82120459999999, -71.4153961 41.8210592)",tertiary,"[201461438, 5689639722, 7046215810, 201461434, 5423557364]",no,,parallel,,0,24,0,24,asphalt,3,no
635362847,635362847,South Main Street,"LINESTRING (-71.4058325 41.82317760000001, -71.4061676 41.82351930000001, -71.4063817 41.8237289, -71.4066067 41.8239813, -71.4066995 41.8240864, -71.40683989999999 41.824266, -71.406868 41.82431, -71.40713359999999 41.824704, -71.40733059999999 41.82499699999999, -71.4077893 41.8256255, -71.4078477 41.82569580000001)",primary,"[201302791, 201347329, 201347325, 201347324, 3660992631, 201347316, 201347309, 201347306, 201347302, 5145079305, 201347292]",yes,,parallel,,0,71,0,71,asphalt,2,
635362848,635362848,South Water Street,"LINESTRING (-71.4060004 41.8223892, -71.4057293 41.8221228, -71.4053586 41.82175229999999, -71.4049302 41.82129630000001, -71.40485750000001 41.8211978, -71.40451210000001 41.8208655, -71.4044865 41.8208353, -71.40424539999999 41.82056139999999)",primary,"[201260632, 201324197, 201324201, 4436874469, 201190086, 3650840808, 5857147588, 622606000]",yes,,parallel,,0,52,0,52,asphalt,2,
660831873,660831873,Friendship Street,"LINESTRING (-71.4143629 41.816884, -71.4130572 41.81825930000001, -71.4121916 41.81915129999999, -71.4117447 41.8196262, -71.4115671 41.81980810000001, -71.411136 41.82025130000002)",tertiary,"[4569158430, 4569158431, 201708273, 4233047340, 201320354, 201521567]",yes,,,parallel,0,0,47,47,asphalt,2,shared_lane
660831878,660831878,Richmond Street,"LINESTRING (-71.4104581 41.819886, -71.410398 41.8198539, -71.4101519 41.8197155, -71.4099731 41.81961439999999, -71.409856 41.81955379999999, -71.4097416 41.8194923, -71.40972120000001 41.8194813, -71.40925 41.81922680000001, -71.409173 41.81918839999999, -71.409113 41.81914089999999)",unclassified,"[4569158432, 201430907, 201521594, 201521597, 201521601, 3509420239, 6755973818, 201521605, 201521609, 201521613]",,parallel,,,12,0,0,12,asphalt,2,shared_lane
660831883,660831883,Chestnut Street,"LINESTRING (-71.4129451 41.81946539999999, -71.4121916 41.81915129999999)",tertiary,"[201622522, 201708273]",,parallel,,,6,0,0,6,asphalt,,shared_lane
673810543,673810543,Weybosset Street,"LINESTRING (-71.4122437 41.82182899999999, -71.41220389999999 41.8218681, -71.4119396 41.8221275, -71.4119099 41.82215659999999, -71.41149009999999 41.82262960000001, -71.411462 41.82266129999999)",unclassified,"[201718075, 7869917739, 7869917745, 201545094, 7869917749, 201680205]",no,parallel,,,12,0,0,12,asphalt,,
682610868,682610868,Orange Street,"LINESTRING (-71.4090516 41.8224569, -71.4084393 41.82209139999999, -71.4083706 41.822059)",unclassified,"[201762183, 201762190, 2782796076]",yes,,parallel,,0,17,0,17,asphalt,,
696714159,696714159,Weybosset Street,"LINESTRING (-71.4143531 41.8201131, -71.4142396 41.82019769999999, -71.41413180000001 41.82026600000001, -71.41404369999999 41.8203256, -71.4138768 41.8204224, -71.4136793 41.8205104, -71.4135567 41.8205686, -71.4134651 41.82061360000001, -71.4133959 41.82065039999999)",residential,"[201381708, 201718154, 201718150, 201718146, 201718141, 201411617, 201718138, 201718136, 201136968]",no,,parallel,,0,18,0,18,asphalt,,
746908412,746908412,Weybosset Street,"LINESTRING (-71.4102705 41.8235813, -71.41007999999999 41.82372300000001, -71.4099602 41.8238279, -71.4099064 41.82387489999999, -71.4098096 41.82398310000001, -71.4097574 41.82408030000001, -71.4097244 41.82418919999999, -71.4097082 41.824315, -71.4097137 41.82447499999999)",residential,"[201271490, 201718058, 7869917755, 201209924, 201718056, 6658050244, 201718054, 201284791, 201718051]",yes,parallel,,,12,0,0,12,asphalt,2,
751130790,751130790,Eddy Street,"LINESTRING (-71.41034700000002 41.82217000000001, -71.410276 41.8221319, -71.4102199 41.8220753, -71.4099551 41.8217056, -71.409863 41.8215769)",unclassified,"[201583981, 201680133, 201680135, 6862343499, 201680141]",,parallel,,,12,0,0,12,asphalt,,
761371751,761371751,Planet Street,"LINESTRING (-71.4064443 41.82285139999999, -71.4058325 41.82317760000001)",unclassified,"[201302782, 201302791]",,,parallel,,0,17,0,17,asphalt,,
761371753,761371753,South Water Street,"LINESTRING (-71.4064443 41.82285139999999, -71.40623080000002 41.82263809999999, -71.4061471 41.82253690000001, -71.4060004 41.8223892)",primary,"[201302782, 201324190, 6061753297, 201260632]",yes,parallel,,,4,0,0,4,asphalt,2,
761371755,761371755,South Water Street,"LINESTRING (-71.4070285 41.82351000000001, -71.4069142 41.8233553, -71.4068201 41.82322129999999)",primary,"[7113443447, 201324177, 5993582513]",yes,parallel,,,3,0,0,3,asphalt,2,
761371756,761371756,North Main Street,"LINESTRING (-71.40887840000001 41.8271941, -71.409058 41.827488)",primary,"[7113443448, 2462943205]",yes,,,parallel,0,0,4,4,asphalt,2,
761371757,761371757,Pine Street,"LINESTRING (-71.4129451 41.81946539999999, -71.4129801 41.81943179999999, -71.41337679999999 41.8190209)",unclassified,"[201622522, 6658050238, 201583995]",yes,,parallel,,0,14,0,14,asphalt,,
761371761,761371761,Pine Street,"LINESTRING (-71.4091607 41.8234089, -71.40943249999999 41.8231047)",unclassified,"[201320127, 201271494]",yes,,,parallel,0,0,4,4,asphalt,,
761371762,761371762,Pine Street,"LINESTRING (-71.4084007 41.8238749, -71.4085015 41.8238734, -71.4086245 41.8238643, -71.4087208 41.8238438, -71.40877330000001 41.8238223, -71.4088813 41.8237204, -71.4090096 41.82357350000001, -71.4091227 41.8234544, -71.4091607 41.8234089)",unclassified,"[201569840, 6658050240, 6658050239, 201583969, 3754811957, 7129729867, 7129729864, 201209932, 201320127]",yes,parallel,,,6,0,0,6,asphalt,,
761371763,761371763,Eddy Street,"LINESTRING (-71.4119688 41.82291919999999, -71.4119116 41.82289010000002, -71.4115231 41.82269239999999, -71.411462 41.82266129999999)",unclassified,"[201605079, 201680198, 7869917750, 201680205]",yes,parallel,,,6,0,0,6,asphalt,,
761371764,761371764,Eddy Street,"LINESTRING (-71.4128884 41.8236251, -71.4126212 41.8234052, -71.4123783 41.8232082, -71.4123196 41.823148)",unclassified,"[7113443470, 201680189, 6658050229, 201319557]",yes,parallel,,,0,0,9,9,asphalt,,
761371765,761371765,Union Street,"LINESTRING (-71.4128808 41.82274439999998, -71.4134725 41.8232081, -71.413719 41.82341399999999, -71.41394219999999 41.82358310000001)",unclassified,"[201319565, 201545081, 201545077, 6658046711]",yes,,,parallel,0,0,16,16,asphalt,,
761371767,761371767,Union Street,"LINESTRING (-71.4146235 41.8240976, -71.4149254 41.82432429999999)",unclassified,"[201436487, 5689637469]",yes,,,parallel,0,0,5,5,asphalt,,
761371769,761371769,Union Street,"LINESTRING (-71.41406569999999 41.82367039999999, -71.4143488 41.82388559999999, -71.4146235 41.8240976)",unclassified,"[6658046712, 201545069, 201436487]",yes,,,parallel,0,0,9,9,asphalt,,
761371771,761371771,Fountain Street,"LINESTRING (-71.416214 41.82317, -71.41587800000001 41.82355099999999, -71.41573270000001 41.8237176)",primary,"[201168268, 201452783, 201452780]",yes,,parallel,,0,11,0,11,asphalt,2,
761371772,761371772,Fountain Street,"LINESTRING (-71.416794 41.822609, -71.41656500000001 41.82282599999998, -71.416214 41.82317)",primary,"[201452790, 201452786, 201168268]",yes,,parallel,,0,14,0,14,asphalt,2,
761371773,761371773,Adrian Hill Way,"LINESTRING (-71.4162961 41.822381, -71.4167248 41.82257729999998, -71.416794 41.822609)",unclassified,"[7113443450, 5689642721, 201452790]",,diagonal,,,4,0,0,4,asphalt,,
761371774,761371774,Washington Street,"LINESTRING (-71.41721870000001 41.8212822, -71.4172828 41.82123919999999, -71.41781279999999 41.82086249999999)",unclassified,"[201734869, 5689659082, 5689661222]",,,parallel,,0,10,0,10,asphalt,,
761371775,761371775,Richmond Street,"LINESTRING (-71.411136 41.82025130000002, -71.411196 41.8202854, -71.4118189 41.8206204)",unclassified,"[201521567, 201521566, 201521561]",yes,,parallel,,0,15,0,15,asphalt,,
761371777,761371777,Orange Street,"LINESTRING (-71.41056800000001 41.8233779, -71.41052910000001 41.82334500000001, -71.4105028 41.82332279999999, -71.4097031 41.8228453)",unclassified,"[201718060, 7869917757, 6658050242, 201583977]",,,parallel,,0,22,0,22,asphalt,,
761371778,761371778,Orange Street,"LINESTRING (-71.4097031 41.8228453, -71.4090516 41.8224569)",unclassified,"[201583977, 201762183]",,,parallel,,0,15,0,15,asphalt,,
761371779,761371779,Friendship Street,"LINESTRING (-71.4090516 41.8224569, -71.4088181 41.8226836, -71.4087754 41.8227249)",tertiary,"[201762183, 5152389395, 201271496]",yes,,,parallel,0,0,3,3,asphalt,,
761371780,761371780,Eddy Street,"LINESTRING (-71.4105903 41.8222948, -71.41041540000001 41.82220329999999, -71.4103819 41.82218589999999, -71.41034700000002 41.82217000000001)",unclassified,"[7022322694, 7022322695, 4432872972, 201583981]",,,parallel,,5,0,0,5,asphalt,,
761371781,761371781,Page Street,"LINESTRING (-71.4113018 41.82115930000001, -71.410544 41.8208633)",unclassified,"[201583986, 201776691]",yes,,,parallel,0,0,7,7,asphalt,,
761371783,761371783,Mathewson Street,"LINESTRING (-71.4136426 41.8222006, -71.4144367 41.8228022)",residential,"[201319573, 201475457]",yes,parallel,,,8,0,0,8,asphalt,,
761371784,761371784,Mathewson Street,"LINESTRING (-71.4144367 41.8228022, -71.4147368 41.82303750000001)",residential,"[201475457, 6688133109]",yes,,,parallel,0,0,6,6,asphalt,,
761371788,761371788,West Exchange Street,"LINESTRING (-71.4190428 41.82490920000001, -71.4188206 41.82486349999999, -71.4185744 41.82482850000001, -71.4183286 41.82482320000001, -71.4180683 41.8248301)",tertiary,"[1044294769, 6658050234, 1044294815, 6658050235, 6186953104]",,parallel,,,10,0,0,10,asphalt,2,
761371790,761371790,Washington Street,"LINESTRING (-71.4139954 41.8236234, -71.41437920000001 41.8233473)",unclassified,"[201545073, 201305064]",,,parallel,,0,8,0,8,asphalt,,
761371791,761371791,Washington Street,"LINESTRING (-71.41437920000001 41.8233473, -71.4147746 41.8230672)",unclassified,"[201305064, 201734806]",,parallel,,,4,0,0,4,asphalt,,
761371792,761371792,Washington Street,"LINESTRING (-71.4147746 41.8230672, -71.41543919999999 41.8225833, -71.4155066 41.8225293)",unclassified,"[201734806, 201606047, 201605998]",,,parallel,,0,17,0,17,asphalt,,
761371793,761371793,Washington Street,"LINESTRING (-71.4155066 41.8225293, -71.4159313 41.822235)",unclassified,"[201605998, 201551651]",,,parallel,,0,8,0,8,asphalt,,
761371794,761371794,Washington Street,"LINESTRING (-71.4127735 41.82446119999999, -71.4128697 41.8244218, -71.41337420000001 41.82406670000001, -71.41342349999999 41.8240345)",unclassified,"[201315081, 1359940876, 5689667905, 201680181]",,,parallel,,0,15,0,15,asphalt,2,
761371796,761371796,Eddy Street,"LINESTRING (-71.41342349999999 41.8240345, -71.41336080000001 41.82398919999999, -71.41292350000001 41.8236544, -71.4128884 41.8236251)",unclassified,"[201680181, 5689667907, 201680185, 7113443470]",yes,parallel,,parallel,7,0,6,13,asphalt,,
761494793,761494793,South Street,"LINESTRING (-71.410065 41.81646, -71.41011590000001 41.81643909999999, -71.410988 41.81608199999999)",unclassified,"[201315006, 7273430284, 201215989]",no,parallel,,,5,0,0,5,asphalt,,
761494794,761494794,Richmond Street,"LINESTRING (-71.4082475 41.81795819999999, -71.4082172 41.8179147, -71.407906 41.817467, -71.40786989999999 41.81741109999999, -71.407844 41.81737099999999, -71.4078138 41.81732689999999, -71.40731289999999 41.8166296, -71.40725550000001 41.81654969999999)",unclassified,"[201423870, 7273430088, 201521620, 7273430094, 201314996, 7273430097, 7273430104, 201302710]",,parallel,,,18,0,0,18,asphalt,,
761494795,761494795,Bassett Street,"LINESTRING (-71.410614 41.81842400000001, -71.41110999999999 41.81794000000001, -71.4115465 41.8175)",unclassified,"[201708114, 201639554, 201724711]",,,parallel,,0,10,0,10,asphalt,,
761494796,761494796,Chestnut Street,"LINESTRING (-71.4121916 41.81915129999999, -71.4117444 41.8189248, -71.4115137 41.81882110000001, -71.411469 41.81880100000001)",tertiary,"[201708273, 7150287907, 7752001677, 4569158439]",,,parallel,,0,4,0,4,asphalt,,shared_lane
761494797,761494797,Clifford Street,"LINESTRING (-71.4123335 41.81789270000001, -71.413612 41.8165558, -71.41371580000001 41.8164982)",tertiary,"[201360701, 7752001675, 4233047293]",yes,,,parallel,0,0,23,23,asphalt,1,
761494799,761494799,Hospital Street,"LINESTRING (-71.409497 41.81567139999999, -71.4094568 41.8156148, -71.40924320000001 41.81531879999999)",unclassified,"[201302692, 4405117517, 7114724557]",,parallel,,,5,0,0,5,asphalt,,
830380710,830380710,Clifford Street,"LINESTRING (-71.4104581 41.819886, -71.41052689999999 41.8197845, -71.4113436 41.81893159999999)",tertiary,"[4569158432, 7150287908, 201735888]",yes,,,parallel,0,0,32,32,asphalt,,
